id,userid,question,global_comment,context,competency,subcompetency,referentiel,status,type,isPop,popId,popTypeId
1,3,q1,comment1,santé,1,1,1,0,QCM,0,NULL,NULL
2,3,q2,comment2,santé,1,1,1,0,QCM,0,NULL,NULL
3,3,q3,comment3,santé,1,1,1,0,QCU,0,NULL,NULL
4,3,q4,comment4,santé,1,1,1,0,TCS,0,NULL,NULL
5,3,q5,comment5,santé,1,1,1,0,QCM,1,1,1
6,3,q6,comment6,santé,1,1,1,0,QCU,1,2,1
7,3,q7,comment7,santé,1,1,1,0,QCM,1,3,2
8,3,q8,comment8,santé,1,1,1,0,QCM,1,4,2
9,3,q9,comment9,santé,1,1,1,0,QCU,1,5,2
10,3,q10,comment10,santé,1,1,1,0,QCM,1,6,3
11,3,q11,comment11,santé,1,1,1,0,QCM,1,7,3
12,3,q12,comment12,santé,1,1,1,0,QCM,1,8,3
13,3,q13,comment13,santé,1,1,1,0,QCU,1,9,4
14,3,q14,comment14,santé,1,1,1,0,QCU,1,10,4
15,3,q15,comment15,santé,1,1,1,0,QCU,1,11,4
16,4,q0,comment0,santé,1,1,1,0,QCM,0,NULL,NULL
17,4,q1,comment1,santé,1,1,1,0,QCM,0,NULL,NULL
18,4,q2,comment2,santé,1,1,1,0,QCU,0,NULL,NULL
19,4,q3,comment3,santé,1,1,1,0,TCS,0,NULL,NULL
20,4,q20,comment20,santé,1,1,1,0,QCM,1,1,1
21,4,q21,comment21,santé,1,1,1,0,QCU,1,2,1
22,4,q22,comment22,santé,1,1,1,0,QCM,1,3,2
23,4,q23,comment23,santé,1,1,1,0,QCM,1,4,2
24,4,q24,comment24,santé,1,1,1,0,QCU,1,5,2
25,4,q25,comment25,santé,1,1,1,0,QCM,1,6,3
26,4,q26,comment26,santé,1,1,1,0,QCM,1,7,3
27,4,q27,comment27,santé,1,1,1,0,QCM,1,8,3
28,4,q28,comment28,santé,1,1,1,0,QCU,1,9,4
29,4,q29,comment29,santé,1,1,1,0,QCU,1,10,4
30,4,q30,comment30,santé,1,1,1,0,QCU,1,11,4
31,5,q15,comment15,santé,1,1,1,0,QCM,0,NULL,NULL
32,5,q0,comment0,santé,1,1,1,0,QCM,0,NULL,NULL
33,5,q1,comment1,santé,1,1,1,0,QCU,0,NULL,NULL
34,5,q2,comment2,santé,1,1,1,0,TCS,0,NULL,NULL
35,5,q35,comment35,santé,1,1,1,0,QCM,1,1,1
36,5,q36,comment36,santé,1,1,1,0,QCU,1,2,1
37,5,q37,comment37,santé,1,1,1,0,QCM,1,3,2
38,5,q38,comment38,santé,1,1,1,0,QCM,1,4,2
39,5,q39,comment39,santé,1,1,1,0,QCU,1,5,2
40,5,q40,comment40,santé,1,1,1,0,QCM,1,6,3
41,5,q41,comment41,santé,1,1,1,0,QCM,1,7,3
42,5,q42,comment42,santé,1,1,1,0,QCM,1,8,3
43,5,q43,comment43,santé,1,1,1,0,QCU,1,9,4
44,5,q44,comment44,santé,1,1,1,0,QCU,1,10,4
45,5,q45,comment45,santé,1,1,1,0,QCU,1,11,4
46,6,q14,comment14,santé,1,1,1,0,QCM,0,NULL,NULL
47,6,q15,comment15,santé,1,1,1,0,QCM,0,NULL,NULL
48,6,q0,comment0,santé,1,1,1,0,QCU,0,NULL,NULL
49,6,q1,comment1,santé,1,1,1,0,TCS,0,NULL,NULL
50,6,q50,comment50,santé,1,1,1,0,QCM,1,1,1
51,6,q51,comment51,santé,1,1,1,0,QCU,1,2,1
52,6,q52,comment52,santé,1,1,1,0,QCM,1,3,2
53,6,q53,comment53,santé,1,1,1,0,QCM,1,4,2
54,6,q54,comment54,santé,1,1,1,0,QCU,1,5,2
55,6,q55,comment55,santé,1,1,1,0,QCM,1,6,3
56,6,q56,comment56,santé,1,1,1,0,QCM,1,7,3
57,6,q57,comment57,santé,1,1,1,0,QCM,1,8,3
58,6,q58,comment58,santé,1,1,1,0,QCU,1,9,4
59,6,q59,comment59,santé,1,1,1,0,QCU,1,10,4
60,6,q60,comment60,santé,1,1,1,0,QCU,1,11,4
61,7,q13,comment13,santé,1,1,1,0,QCM,0,NULL,NULL
62,7,q14,comment14,santé,1,1,1,0,QCM,0,NULL,NULL
63,7,q15,comment15,santé,1,1,1,0,QCU,0,NULL,NULL
64,7,q0,comment0,santé,1,1,1,0,TCS,0,NULL,NULL
65,7,q65,comment65,santé,1,1,1,0,QCM,1,1,1
66,7,q66,comment66,santé,1,1,1,0,QCU,1,2,1
67,7,q67,comment67,santé,1,1,1,0,QCM,1,3,2
68,7,q68,comment68,santé,1,1,1,0,QCM,1,4,2
69,7,q69,comment69,santé,1,1,1,0,QCU,1,5,2
70,7,q70,comment70,santé,1,1,1,0,QCM,1,6,3
71,7,q71,comment71,santé,1,1,1,0,QCM,1,7,3
72,7,q72,comment72,santé,1,1,1,0,QCM,1,8,3
73,7,q73,comment73,santé,1,1,1,0,QCU,1,9,4
74,7,q74,comment74,santé,1,1,1,0,QCU,1,10,4
75,7,q75,comment75,santé,1,1,1,0,QCU,1,11,4
76,8,q12,comment12,santé,1,1,1,0,QCM,0,NULL,NULL
77,8,q13,comment13,santé,1,1,1,0,QCM,0,NULL,NULL
78,8,q14,comment14,santé,1,1,1,0,QCU,0,NULL,NULL
79,8,q15,comment15,santé,1,1,1,0,TCS,0,NULL,NULL
80,8,q80,comment80,santé,1,1,1,0,QCM,1,1,1
81,8,q81,comment81,santé,1,1,1,0,QCU,1,2,1
82,8,q82,comment82,santé,1,1,1,0,QCM,1,3,2
83,8,q83,comment83,santé,1,1,1,0,QCM,1,4,2
84,8,q84,comment84,santé,1,1,1,0,QCU,1,5,2
85,8,q85,comment85,santé,1,1,1,0,QCM,1,6,3
86,8,q86,comment86,santé,1,1,1,0,QCM,1,7,3
87,8,q87,comment87,santé,1,1,1,0,QCM,1,8,3
88,8,q88,comment88,santé,1,1,1,0,QCU,1,9,4
89,8,q89,comment89,santé,1,1,1,0,QCU,1,10,4
90,8,q90,comment90,santé,1,1,1,0,QCU,1,11,4
91,9,q11,comment11,santé,1,1,1,0,QCM,0,NULL,NULL
92,9,q12,comment12,santé,1,1,1,0,QCM,0,NULL,NULL
93,9,q13,comment13,santé,1,1,1,0,QCU,0,NULL,NULL
94,9,q14,comment14,santé,1,1,1,0,TCS,0,NULL,NULL
95,9,q95,comment95,santé,1,1,1,0,QCM,1,1,1
96,9,q96,comment96,santé,1,1,1,0,QCU,1,2,1
97,9,q97,comment97,santé,1,1,1,0,QCM,1,3,2
98,9,q98,comment98,santé,1,1,1,0,QCM,1,4,2
99,9,q99,comment99,santé,1,1,1,0,QCU,1,5,2
100,9,q100,comment100,santé,1,1,1,0,QCM,1,6,3
101,9,q101,comment101,santé,1,1,1,0,QCM,1,7,3
102,9,q102,comment102,santé,1,1,1,0,QCM,1,8,3
103,9,q103,comment103,santé,1,1,1,0,QCU,1,9,4
104,9,q104,comment104,santé,1,1,1,0,QCU,1,10,4
105,9,q105,comment105,santé,1,1,1,0,QCU,1,11,4
106,10,q10,comment10,santé,1,1,1,0,QCM,0,NULL,NULL
107,10,q11,comment11,santé,1,1,1,0,QCM,0,NULL,NULL
108,10,q12,comment12,santé,1,1,1,0,QCU,0,NULL,NULL
109,10,q13,comment13,santé,1,1,1,0,TCS,0,NULL,NULL
110,10,q110,comment110,santé,1,1,1,0,QCM,1,1,1
111,10,q111,comment111,santé,1,1,1,0,QCU,1,2,1
112,10,q112,comment112,santé,1,1,1,0,QCM,1,3,2
113,10,q113,comment113,santé,1,1,1,0,QCM,1,4,2
114,10,q114,comment114,santé,1,1,1,0,QCU,1,5,2
115,10,q115,comment115,santé,1,1,1,0,QCM,1,6,3
116,10,q116,comment116,santé,1,1,1,0,QCM,1,7,3
117,10,q117,comment117,santé,1,1,1,0,QCM,1,8,3
118,10,q118,comment118,santé,1,1,1,0,QCU,1,9,4
119,10,q119,comment119,santé,1,1,1,0,QCU,1,10,4
120,10,q120,comment120,santé,1,1,1,0,QCU,1,11,4
121,11,q9,comment9,santé,1,1,1,0,QCM,0,NULL,NULL
122,11,q10,comment10,santé,1,1,1,0,QCM,0,NULL,NULL
123,11,q11,comment11,santé,1,1,1,0,QCU,0,NULL,NULL
124,11,q12,comment12,santé,1,1,1,0,TCS,0,NULL,NULL
125,11,q125,comment125,santé,1,1,1,0,QCM,1,1,1
126,11,q126,comment126,santé,1,1,1,0,QCU,1,2,1
127,11,q127,comment127,santé,1,1,1,0,QCM,1,3,2
128,11,q128,comment128,santé,1,1,1,0,QCM,1,4,2
129,11,q129,comment129,santé,1,1,1,0,QCU,1,5,2
130,11,q130,comment130,santé,1,1,1,0,QCM,1,6,3
131,11,q131,comment131,santé,1,1,1,0,QCM,1,7,3
132,11,q132,comment132,santé,1,1,1,0,QCM,1,8,3
133,11,q133,comment133,santé,1,1,1,0,QCU,1,9,4
134,11,q134,comment134,santé,1,1,1,0,QCU,1,10,4
135,11,q135,comment135,santé,1,1,1,0,QCU,1,11,4
136,12,q8,comment8,santé,1,1,1,0,QCM,0,NULL,NULL
137,12,q9,comment9,santé,1,1,1,0,QCM,0,NULL,NULL
138,12,q10,comment10,santé,1,1,1,0,QCU,0,NULL,NULL
139,12,q11,comment11,santé,1,1,1,0,TCS,0,NULL,NULL
140,12,q140,comment140,santé,1,1,1,0,QCM,1,1,1
141,12,q141,comment141,santé,1,1,1,0,QCU,1,2,1
142,12,q142,comment142,santé,1,1,1,0,QCM,1,3,2
143,12,q143,comment143,santé,1,1,1,0,QCM,1,4,2
144,12,q144,comment144,santé,1,1,1,0,QCU,1,5,2
145,12,q145,comment145,santé,1,1,1,0,QCM,1,6,3
146,12,q146,comment146,santé,1,1,1,0,QCM,1,7,3
147,12,q147,comment147,santé,1,1,1,0,QCM,1,8,3
148,12,q148,comment148,santé,1,1,1,0,QCU,1,9,4
149,12,q149,comment149,santé,1,1,1,0,QCU,1,10,4
150,12,q150,comment150,santé,1,1,1,0,QCU,1,11,4
151,13,q7,comment7,santé,1,1,1,0,QCM,0,NULL,NULL
152,13,q8,comment8,santé,1,1,1,0,QCM,0,NULL,NULL
153,13,q9,comment9,santé,1,1,1,0,QCU,0,NULL,NULL
154,13,q10,comment10,santé,1,1,1,0,TCS,0,NULL,NULL
155,13,q155,comment155,santé,1,1,1,0,QCM,1,1,1
156,13,q156,comment156,santé,1,1,1,0,QCU,1,2,1
157,13,q157,comment157,santé,1,1,1,0,QCM,1,3,2
158,13,q158,comment158,santé,1,1,1,0,QCM,1,4,2
159,13,q159,comment159,santé,1,1,1,0,QCU,1,5,2
160,13,q160,comment160,santé,1,1,1,0,QCM,1,6,3
161,13,q161,comment161,santé,1,1,1,0,QCM,1,7,3
162,13,q162,comment162,santé,1,1,1,0,QCM,1,8,3
163,13,q163,comment163,santé,1,1,1,0,QCU,1,9,4
164,13,q164,comment164,santé,1,1,1,0,QCU,1,10,4
165,13,q165,comment165,santé,1,1,1,0,QCU,1,11,4
166,14,q6,comment6,santé,1,1,1,0,QCM,0,NULL,NULL
167,14,q7,comment7,santé,1,1,1,0,QCM,0,NULL,NULL
168,14,q8,comment8,santé,1,1,1,0,QCU,0,NULL,NULL
169,14,q9,comment9,santé,1,1,1,0,TCS,0,NULL,NULL
170,14,q170,comment170,santé,1,1,1,0,QCM,1,1,1
171,14,q171,comment171,santé,1,1,1,0,QCU,1,2,1
172,14,q172,comment172,santé,1,1,1,0,QCM,1,3,2
173,14,q173,comment173,santé,1,1,1,0,QCM,1,4,2
174,14,q174,comment174,santé,1,1,1,0,QCU,1,5,2
175,14,q175,comment175,santé,1,1,1,0,QCM,1,6,3
176,14,q176,comment176,santé,1,1,1,0,QCM,1,7,3
177,14,q177,comment177,santé,1,1,1,0,QCM,1,8,3
178,14,q178,comment178,santé,1,1,1,0,QCU,1,9,4
179,14,q179,comment179,santé,1,1,1,0,QCU,1,10,4
180,14,q180,comment180,santé,1,1,1,0,QCU,1,11,4
181,15,q5,comment5,santé,1,1,1,0,QCM,0,NULL,NULL
182,15,q6,comment6,santé,1,1,1,0,QCM,0,NULL,NULL
183,15,q7,comment7,santé,1,1,1,0,QCU,0,NULL,NULL
184,15,q8,comment8,santé,1,1,1,0,TCS,0,NULL,NULL
185,15,q185,comment185,santé,1,1,1,0,QCM,1,1,1
186,15,q186,comment186,santé,1,1,1,0,QCU,1,2,1
187,15,q187,comment187,santé,1,1,1,0,QCM,1,3,2
188,15,q188,comment188,santé,1,1,1,0,QCM,1,4,2
189,15,q189,comment189,santé,1,1,1,0,QCU,1,5,2
190,15,q190,comment190,santé,1,1,1,0,QCM,1,6,3
191,15,q191,comment191,santé,1,1,1,0,QCM,1,7,3
192,15,q192,comment192,santé,1,1,1,0,QCM,1,8,3
193,15,q193,comment193,santé,1,1,1,0,QCU,1,9,4
194,15,q194,comment194,santé,1,1,1,0,QCU,1,10,4
195,15,q195,comment195,santé,1,1,1,0,QCU,1,11,4
196,16,q4,comment4,santé,1,1,1,0,QCM,0,NULL,NULL
197,16,q5,comment5,santé,1,1,1,0,QCM,0,NULL,NULL
198,16,q6,comment6,santé,1,1,1,0,QCU,0,NULL,NULL
199,16,q7,comment7,santé,1,1,1,0,TCS,0,NULL,NULL
200,16,q200,comment200,santé,1,1,1,0,QCM,1,1,1
201,16,q201,comment201,santé,1,1,1,0,QCU,1,2,1
202,16,q202,comment202,santé,1,1,1,0,QCM,1,3,2
203,16,q203,comment203,santé,1,1,1,0,QCM,1,4,2
204,16,q204,comment204,santé,1,1,1,0,QCU,1,5,2
205,16,q205,comment205,santé,1,1,1,0,QCM,1,6,3
206,16,q206,comment206,santé,1,1,1,0,QCM,1,7,3
207,16,q207,comment207,santé,1,1,1,0,QCM,1,8,3
208,16,q208,comment208,santé,1,1,1,0,QCU,1,9,4
209,16,q209,comment209,santé,1,1,1,0,QCU,1,10,4
210,16,q210,comment210,santé,1,1,1,0,QCU,1,11,4
211,17,q3,comment3,santé,1,1,1,0,QCM,0,NULL,NULL
212,17,q4,comment4,santé,1,1,1,0,QCM,0,NULL,NULL
213,17,q5,comment5,santé,1,1,1,0,QCU,0,NULL,NULL
214,17,q6,comment6,santé,1,1,1,0,TCS,0,NULL,NULL
215,17,q215,comment215,santé,1,1,1,0,QCM,1,1,1
216,17,q216,comment216,santé,1,1,1,0,QCU,1,2,1
217,17,q217,comment217,santé,1,1,1,0,QCM,1,3,2
218,17,q218,comment218,santé,1,1,1,0,QCM,1,4,2
219,17,q219,comment219,santé,1,1,1,0,QCU,1,5,2
220,17,q220,comment220,santé,1,1,1,0,QCM,1,6,3
221,17,q221,comment221,santé,1,1,1,0,QCM,1,7,3
222,17,q222,comment222,santé,1,1,1,0,QCM,1,8,3
223,17,q223,comment223,santé,1,1,1,0,QCU,1,9,4
224,17,q224,comment224,santé,1,1,1,0,QCU,1,10,4
225,17,q225,comment225,santé,1,1,1,0,QCU,1,11,4
226,18,q2,comment2,santé,1,1,1,0,QCM,0,NULL,NULL
227,18,q3,comment3,santé,1,1,1,0,QCM,0,NULL,NULL
228,18,q4,comment4,santé,1,1,1,0,QCU,0,NULL,NULL
229,18,q5,comment5,santé,1,1,1,0,TCS,0,NULL,NULL
230,18,q230,comment230,santé,1,1,1,0,QCM,1,1,1
231,18,q231,comment231,santé,1,1,1,0,QCU,1,2,1
232,18,q232,comment232,santé,1,1,1,0,QCM,1,3,2
233,18,q233,comment233,santé,1,1,1,0,QCM,1,4,2
234,18,q234,comment234,santé,1,1,1,0,QCU,1,5,2
235,18,q235,comment235,santé,1,1,1,0,QCM,1,6,3
236,18,q236,comment236,santé,1,1,1,0,QCM,1,7,3
237,18,q237,comment237,santé,1,1,1,0,QCM,1,8,3
238,18,q238,comment238,santé,1,1,1,0,QCU,1,9,4
239,18,q239,comment239,santé,1,1,1,0,QCU,1,10,4
240,18,q240,comment240,santé,1,1,1,0,QCU,1,11,4
241,19,q1,comment1,santé,1,1,1,0,QCM,0,NULL,NULL
242,19,q2,comment2,santé,1,1,1,0,QCM,0,NULL,NULL
243,19,q3,comment3,santé,1,1,1,0,QCU,0,NULL,NULL
244,19,q4,comment4,santé,1,1,1,0,TCS,0,NULL,NULL
245,19,q245,comment245,santé,1,1,1,0,QCM,1,1,1
246,19,q246,comment246,santé,1,1,1,0,QCU,1,2,1
247,19,q247,comment247,santé,1,1,1,0,QCM,1,3,2
248,19,q248,comment248,santé,1,1,1,0,QCM,1,4,2
249,19,q249,comment249,santé,1,1,1,0,QCU,1,5,2
250,19,q250,comment250,santé,1,1,1,0,QCM,1,6,3
251,19,q251,comment251,santé,1,1,1,0,QCM,1,7,3
252,19,q252,comment252,santé,1,1,1,0,QCM,1,8,3
253,19,q253,comment253,santé,1,1,1,0,QCU,1,9,4
254,19,q254,comment254,santé,1,1,1,0,QCU,1,10,4
255,19,q255,comment255,santé,1,1,1,0,QCU,1,11,4
256,20,q0,comment0,santé,1,1,1,0,QCM,0,NULL,NULL
257,20,q1,comment1,santé,1,1,1,0,QCM,0,NULL,NULL
258,20,q2,comment2,santé,1,1,1,0,QCU,0,NULL,NULL
259,20,q3,comment3,santé,1,1,1,0,TCS,0,NULL,NULL
260,20,q260,comment260,santé,1,1,1,0,QCM,1,1,1
261,20,q261,comment261,santé,1,1,1,0,QCU,1,2,1
262,20,q262,comment262,santé,1,1,1,0,QCM,1,3,2
263,20,q263,comment263,santé,1,1,1,0,QCM,1,4,2
264,20,q264,comment264,santé,1,1,1,0,QCU,1,5,2
265,20,q265,comment265,santé,1,1,1,0,QCM,1,6,3
266,20,q266,comment266,santé,1,1,1,0,QCM,1,7,3
267,20,q267,comment267,santé,1,1,1,0,QCM,1,8,3
268,20,q268,comment268,santé,1,1,1,0,QCU,1,9,4
269,20,q269,comment269,santé,1,1,1,0,QCU,1,10,4
270,20,q270,comment270,santé,1,1,1,0,QCU,1,11,4
271,21,q15,comment15,santé,1,1,1,0,QCM,0,NULL,NULL
272,21,q0,comment0,santé,1,1,1,0,QCM,0,NULL,NULL
273,21,q1,comment1,santé,1,1,1,0,QCU,0,NULL,NULL
274,21,q2,comment2,santé,1,1,1,0,TCS,0,NULL,NULL
275,21,q275,comment275,santé,1,1,1,0,QCM,1,1,1
276,21,q276,comment276,santé,1,1,1,0,QCU,1,2,1
277,21,q277,comment277,santé,1,1,1,0,QCM,1,3,2
278,21,q278,comment278,santé,1,1,1,0,QCM,1,4,2
279,21,q279,comment279,santé,1,1,1,0,QCU,1,5,2
280,21,q280,comment280,santé,1,1,1,0,QCM,1,6,3
281,21,q281,comment281,santé,1,1,1,0,QCM,1,7,3
282,21,q282,comment282,santé,1,1,1,0,QCM,1,8,3
283,21,q283,comment283,santé,1,1,1,0,QCU,1,9,4
284,21,q284,comment284,santé,1,1,1,0,QCU,1,10,4
285,21,q285,comment285,santé,1,1,1,0,QCU,1,11,4
286,22,q14,comment14,santé,1,1,1,0,QCM,0,NULL,NULL
287,22,q15,comment15,santé,1,1,1,0,QCM,0,NULL,NULL
288,22,q0,comment0,santé,1,1,1,0,QCU,0,NULL,NULL
289,22,q1,comment1,santé,1,1,1,0,TCS,0,NULL,NULL
290,22,q290,comment290,santé,1,1,1,0,QCM,1,1,1
291,22,q291,comment291,santé,1,1,1,0,QCU,1,2,1
292,22,q292,comment292,santé,1,1,1,0,QCM,1,3,2
293,22,q293,comment293,santé,1,1,1,0,QCM,1,4,2
294,22,q294,comment294,santé,1,1,1,0,QCU,1,5,2
295,22,q295,comment295,santé,1,1,1,0,QCM,1,6,3
296,22,q296,comment296,santé,1,1,1,0,QCM,1,7,3
297,22,q297,comment297,santé,1,1,1,0,QCM,1,8,3
298,22,q298,comment298,santé,1,1,1,0,QCU,1,9,4
299,22,q299,comment299,santé,1,1,1,0,QCU,1,10,4
300,22,q300,comment300,santé,1,1,1,0,QCU,1,11,4
301,23,q13,comment13,santé,1,1,1,0,QCM,0,NULL,NULL
302,23,q14,comment14,santé,1,1,1,0,QCM,0,NULL,NULL
303,23,q15,comment15,santé,1,1,1,0,QCU,0,NULL,NULL
304,23,q0,comment0,santé,1,1,1,0,TCS,0,NULL,NULL
305,23,q305,comment305,santé,1,1,1,0,QCM,1,1,1
306,23,q306,comment306,santé,1,1,1,0,QCU,1,2,1
307,23,q307,comment307,santé,1,1,1,0,QCM,1,3,2
308,23,q308,comment308,santé,1,1,1,0,QCM,1,4,2
309,23,q309,comment309,santé,1,1,1,0,QCU,1,5,2
310,23,q310,comment310,santé,1,1,1,0,QCM,1,6,3
311,23,q311,comment311,santé,1,1,1,0,QCM,1,7,3
312,23,q312,comment312,santé,1,1,1,0,QCM,1,8,3
313,23,q313,comment313,santé,1,1,1,0,QCU,1,9,4
314,23,q314,comment314,santé,1,1,1,0,QCU,1,10,4
315,23,q315,comment315,santé,1,1,1,0,QCU,1,11,4
316,24,q12,comment12,santé,1,1,1,0,QCM,0,NULL,NULL
317,24,q13,comment13,santé,1,1,1,0,QCM,0,NULL,NULL
318,24,q14,comment14,santé,1,1,1,0,QCU,0,NULL,NULL
319,24,q15,comment15,santé,1,1,1,0,TCS,0,NULL,NULL
320,24,q320,comment320,santé,1,1,1,0,QCM,1,1,1
321,24,q321,comment321,santé,1,1,1,0,QCU,1,2,1
322,24,q322,comment322,santé,1,1,1,0,QCM,1,3,2
323,24,q323,comment323,santé,1,1,1,0,QCM,1,4,2
324,24,q324,comment324,santé,1,1,1,0,QCU,1,5,2
325,24,q325,comment325,santé,1,1,1,0,QCM,1,6,3
326,24,q326,comment326,santé,1,1,1,0,QCM,1,7,3
327,24,q327,comment327,santé,1,1,1,0,QCM,1,8,3
328,24,q328,comment328,santé,1,1,1,0,QCU,1,9,4
329,24,q329,comment329,santé,1,1,1,0,QCU,1,10,4
330,24,q330,comment330,santé,1,1,1,0,QCU,1,11,4
331,25,q11,comment11,santé,1,1,1,0,QCM,0,NULL,NULL
332,25,q12,comment12,santé,1,1,1,0,QCM,0,NULL,NULL
333,25,q13,comment13,santé,1,1,1,0,QCU,0,NULL,NULL
334,25,q14,comment14,santé,1,1,1,0,TCS,0,NULL,NULL
335,25,q335,comment335,santé,1,1,1,0,QCM,1,1,1
336,25,q336,comment336,santé,1,1,1,0,QCU,1,2,1
337,25,q337,comment337,santé,1,1,1,0,QCM,1,3,2
338,25,q338,comment338,santé,1,1,1,0,QCM,1,4,2
339,25,q339,comment339,santé,1,1,1,0,QCU,1,5,2
340,25,q340,comment340,santé,1,1,1,0,QCM,1,6,3
341,25,q341,comment341,santé,1,1,1,0,QCM,1,7,3
342,25,q342,comment342,santé,1,1,1,0,QCM,1,8,3
343,25,q343,comment343,santé,1,1,1,0,QCU,1,9,4
344,25,q344,comment344,santé,1,1,1,0,QCU,1,10,4
345,25,q345,comment345,santé,1,1,1,0,QCU,1,11,4
346,26,q10,comment10,santé,1,1,1,0,QCM,0,NULL,NULL
347,26,q11,comment11,santé,1,1,1,0,QCM,0,NULL,NULL
348,26,q12,comment12,santé,1,1,1,0,QCU,0,NULL,NULL
349,26,q13,comment13,santé,1,1,1,0,TCS,0,NULL,NULL
350,26,q350,comment350,santé,1,1,1,0,QCM,1,1,1
351,26,q351,comment351,santé,1,1,1,0,QCU,1,2,1
352,26,q352,comment352,santé,1,1,1,0,QCM,1,3,2
353,26,q353,comment353,santé,1,1,1,0,QCM,1,4,2
354,26,q354,comment354,santé,1,1,1,0,QCU,1,5,2
355,26,q355,comment355,santé,1,1,1,0,QCM,1,6,3
356,26,q356,comment356,santé,1,1,1,0,QCM,1,7,3
357,26,q357,comment357,santé,1,1,1,0,QCM,1,8,3
358,26,q358,comment358,santé,1,1,1,0,QCU,1,9,4
359,26,q359,comment359,santé,1,1,1,0,QCU,1,10,4
360,26,q360,comment360,santé,1,1,1,0,QCU,1,11,4
361,27,q9,comment9,santé,1,1,1,0,QCM,0,NULL,NULL
362,27,q10,comment10,santé,1,1,1,0,QCM,0,NULL,NULL
363,27,q11,comment11,santé,1,1,1,0,QCU,0,NULL,NULL
364,27,q12,comment12,santé,1,1,1,0,TCS,0,NULL,NULL
365,27,q365,comment365,santé,1,1,1,0,QCM,1,1,1
366,27,q366,comment366,santé,1,1,1,0,QCU,1,2,1
367,27,q367,comment367,santé,1,1,1,0,QCM,1,3,2
368,27,q368,comment368,santé,1,1,1,0,QCM,1,4,2
369,27,q369,comment369,santé,1,1,1,0,QCU,1,5,2
370,27,q370,comment370,santé,1,1,1,0,QCM,1,6,3
371,27,q371,comment371,santé,1,1,1,0,QCM,1,7,3
372,27,q372,comment372,santé,1,1,1,0,QCM,1,8,3
373,27,q373,comment373,santé,1,1,1,0,QCU,1,9,4
374,27,q374,comment374,santé,1,1,1,0,QCU,1,10,4
375,27,q375,comment375,santé,1,1,1,0,QCU,1,11,4
376,28,q8,comment8,santé,1,1,1,0,QCM,0,NULL,NULL
377,28,q9,comment9,santé,1,1,1,0,QCM,0,NULL,NULL
378,28,q10,comment10,santé,1,1,1,0,QCU,0,NULL,NULL
379,28,q11,comment11,santé,1,1,1,0,TCS,0,NULL,NULL
380,28,q380,comment380,santé,1,1,1,0,QCM,1,1,1
381,28,q381,comment381,santé,1,1,1,0,QCU,1,2,1
382,28,q382,comment382,santé,1,1,1,0,QCM,1,3,2
383,28,q383,comment383,santé,1,1,1,0,QCM,1,4,2
384,28,q384,comment384,santé,1,1,1,0,QCU,1,5,2
385,28,q385,comment385,santé,1,1,1,0,QCM,1,6,3
386,28,q386,comment386,santé,1,1,1,0,QCM,1,7,3
387,28,q387,comment387,santé,1,1,1,0,QCM,1,8,3
388,28,q388,comment388,santé,1,1,1,0,QCU,1,9,4
389,28,q389,comment389,santé,1,1,1,0,QCU,1,10,4
390,28,q390,comment390,santé,1,1,1,0,QCU,1,11,4
391,29,q7,comment7,santé,1,1,1,0,QCM,0,NULL,NULL
392,29,q8,comment8,santé,1,1,1,0,QCM,0,NULL,NULL
393,29,q9,comment9,santé,1,1,1,0,QCU,0,NULL,NULL
394,29,q10,comment10,santé,1,1,1,0,TCS,0,NULL,NULL
395,29,q395,comment395,santé,1,1,1,0,QCM,1,1,1
396,29,q396,comment396,santé,1,1,1,0,QCU,1,2,1
397,29,q397,comment397,santé,1,1,1,0,QCM,1,3,2
398,29,q398,comment398,santé,1,1,1,0,QCM,1,4,2
399,29,q399,comment399,santé,1,1,1,0,QCU,1,5,2
400,29,q400,comment400,santé,1,1,1,0,QCM,1,6,3
401,29,q401,comment401,santé,1,1,1,0,QCM,1,7,3
402,29,q402,comment402,santé,1,1,1,0,QCM,1,8,3
403,29,q403,comment403,santé,1,1,1,0,QCU,1,9,4
404,29,q404,comment404,santé,1,1,1,0,QCU,1,10,4
405,29,q405,comment405,santé,1,1,1,0,QCU,1,11,4
406,30,q6,comment6,santé,1,1,1,0,QCM,0,NULL,NULL
407,30,q7,comment7,santé,1,1,1,0,QCM,0,NULL,NULL
408,30,q8,comment8,santé,1,1,1,0,QCU,0,NULL,NULL
409,30,q9,comment9,santé,1,1,1,0,TCS,0,NULL,NULL
410,30,q410,comment410,santé,1,1,1,0,QCM,1,1,1
411,30,q411,comment411,santé,1,1,1,0,QCU,1,2,1
412,30,q412,comment412,santé,1,1,1,0,QCM,1,3,2
413,30,q413,comment413,santé,1,1,1,0,QCM,1,4,2
414,30,q414,comment414,santé,1,1,1,0,QCU,1,5,2
415,30,q415,comment415,santé,1,1,1,0,QCM,1,6,3
416,30,q416,comment416,santé,1,1,1,0,QCM,1,7,3
417,30,q417,comment417,santé,1,1,1,0,QCM,1,8,3
418,30,q418,comment418,santé,1,1,1,0,QCU,1,9,4
419,30,q419,comment419,santé,1,1,1,0,QCU,1,10,4
420,30,q420,comment420,santé,1,1,1,0,QCU,1,11,4
421,31,q5,comment5,santé,1,1,1,0,QCM,0,NULL,NULL
422,31,q6,comment6,santé,1,1,1,0,QCM,0,NULL,NULL
423,31,q7,comment7,santé,1,1,1,0,QCU,0,NULL,NULL
424,31,q8,comment8,santé,1,1,1,0,TCS,0,NULL,NULL
425,31,q425,comment425,santé,1,1,1,0,QCM,1,1,1
426,31,q426,comment426,santé,1,1,1,0,QCU,1,2,1
427,31,q427,comment427,santé,1,1,1,0,QCM,1,3,2
428,31,q428,comment428,santé,1,1,1,0,QCM,1,4,2
429,31,q429,comment429,santé,1,1,1,0,QCU,1,5,2
430,31,q430,comment430,santé,1,1,1,0,QCM,1,6,3
431,31,q431,comment431,santé,1,1,1,0,QCM,1,7,3
432,31,q432,comment432,santé,1,1,1,0,QCM,1,8,3
433,31,q433,comment433,santé,1,1,1,0,QCU,1,9,4
434,31,q434,comment434,santé,1,1,1,0,QCU,1,10,4
435,31,q435,comment435,santé,1,1,1,0,QCU,1,11,4
436,32,q4,comment4,santé,1,1,1,0,QCM,0,NULL,NULL
437,32,q5,comment5,santé,1,1,1,0,QCM,0,NULL,NULL
438,32,q6,comment6,santé,1,1,1,0,QCU,0,NULL,NULL
439,32,q7,comment7,santé,1,1,1,0,TCS,0,NULL,NULL
440,32,q440,comment440,santé,1,1,1,0,QCM,1,1,1
441,32,q441,comment441,santé,1,1,1,0,QCU,1,2,1
442,32,q442,comment442,santé,1,1,1,0,QCM,1,3,2
443,32,q443,comment443,santé,1,1,1,0,QCM,1,4,2
444,32,q444,comment444,santé,1,1,1,0,QCU,1,5,2
445,32,q445,comment445,santé,1,1,1,0,QCM,1,6,3
446,32,q446,comment446,santé,1,1,1,0,QCM,1,7,3
447,32,q447,comment447,santé,1,1,1,0,QCM,1,8,3
448,32,q448,comment448,santé,1,1,1,0,QCU,1,9,4
449,32,q449,comment449,santé,1,1,1,0,QCU,1,10,4
450,32,q450,comment450,santé,1,1,1,0,QCU,1,11,4
451,33,q3,comment3,santé,1,1,1,0,QCM,0,NULL,NULL
452,33,q4,comment4,santé,1,1,1,0,QCM,0,NULL,NULL
453,33,q5,comment5,santé,1,1,1,0,QCU,0,NULL,NULL
454,33,q6,comment6,santé,1,1,1,0,TCS,0,NULL,NULL
455,33,q455,comment455,santé,1,1,1,0,QCM,1,1,1
456,33,q456,comment456,santé,1,1,1,0,QCU,1,2,1
457,33,q457,comment457,santé,1,1,1,0,QCM,1,3,2
458,33,q458,comment458,santé,1,1,1,0,QCM,1,4,2
459,33,q459,comment459,santé,1,1,1,0,QCU,1,5,2
460,33,q460,comment460,santé,1,1,1,0,QCM,1,6,3
461,33,q461,comment461,santé,1,1,1,0,QCM,1,7,3
462,33,q462,comment462,santé,1,1,1,0,QCM,1,8,3
463,33,q463,comment463,santé,1,1,1,0,QCU,1,9,4
464,33,q464,comment464,santé,1,1,1,0,QCU,1,10,4
465,33,q465,comment465,santé,1,1,1,0,QCU,1,11,4
466,34,q2,comment2,santé,1,1,1,0,QCM,0,NULL,NULL
467,34,q3,comment3,santé,1,1,1,0,QCM,0,NULL,NULL
468,34,q4,comment4,santé,1,1,1,0,QCU,0,NULL,NULL
469,34,q5,comment5,santé,1,1,1,0,TCS,0,NULL,NULL
470,34,q470,comment470,santé,1,1,1,0,QCM,1,1,1
471,34,q471,comment471,santé,1,1,1,0,QCU,1,2,1
472,34,q472,comment472,santé,1,1,1,0,QCM,1,3,2
473,34,q473,comment473,santé,1,1,1,0,QCM,1,4,2
474,34,q474,comment474,santé,1,1,1,0,QCU,1,5,2
475,34,q475,comment475,santé,1,1,1,0,QCM,1,6,3
476,34,q476,comment476,santé,1,1,1,0,QCM,1,7,3
477,34,q477,comment477,santé,1,1,1,0,QCM,1,8,3
478,34,q478,comment478,santé,1,1,1,0,QCU,1,9,4
479,34,q479,comment479,santé,1,1,1,0,QCU,1,10,4
480,34,q480,comment480,santé,1,1,1,0,QCU,1,11,4
481,35,q1,comment1,santé,1,1,1,0,QCM,0,NULL,NULL
482,35,q2,comment2,santé,1,1,1,0,QCM,0,NULL,NULL
483,35,q3,comment3,santé,1,1,1,0,QCU,0,NULL,NULL
484,35,q4,comment4,santé,1,1,1,0,TCS,0,NULL,NULL
485,35,q485,comment485,santé,1,1,1,0,QCM,1,1,1
486,35,q486,comment486,santé,1,1,1,0,QCU,1,2,1
487,35,q487,comment487,santé,1,1,1,0,QCM,1,3,2
488,35,q488,comment488,santé,1,1,1,0,QCM,1,4,2
489,35,q489,comment489,santé,1,1,1,0,QCU,1,5,2
490,35,q490,comment490,santé,1,1,1,0,QCM,1,6,3
491,35,q491,comment491,santé,1,1,1,0,QCM,1,7,3
492,35,q492,comment492,santé,1,1,1,0,QCM,1,8,3
493,35,q493,comment493,santé,1,1,1,0,QCU,1,9,4
494,35,q494,comment494,santé,1,1,1,0,QCU,1,10,4
495,35,q495,comment495,santé,1,1,1,0,QCU,1,11,4
496,36,q0,comment0,santé,1,1,1,0,QCM,0,NULL,NULL
497,36,q1,comment1,santé,1,1,1,0,QCM,0,NULL,NULL
498,36,q2,comment2,santé,1,1,1,0,QCU,0,NULL,NULL
499,36,q3,comment3,santé,1,1,1,0,TCS,0,NULL,NULL
500,36,q500,comment500,santé,1,1,1,0,QCM,1,1,1
501,36,q501,comment501,santé,1,1,1,0,QCU,1,2,1
502,36,q502,comment502,santé,1,1,1,0,QCM,1,3,2
503,36,q503,comment503,santé,1,1,1,0,QCM,1,4,2
504,36,q504,comment504,santé,1,1,1,0,QCU,1,5,2
505,36,q505,comment505,santé,1,1,1,0,QCM,1,6,3
506,36,q506,comment506,santé,1,1,1,0,QCM,1,7,3
507,36,q507,comment507,santé,1,1,1,0,QCM,1,8,3
508,36,q508,comment508,santé,1,1,1,0,QCU,1,9,4
509,36,q509,comment509,santé,1,1,1,0,QCU,1,10,4
510,36,q510,comment510,santé,1,1,1,0,QCU,1,11,4
511,37,q15,comment15,santé,1,1,1,0,QCM,0,NULL,NULL
512,37,q0,comment0,santé,1,1,1,0,QCM,0,NULL,NULL
513,37,q1,comment1,santé,1,1,1,0,QCU,0,NULL,NULL
514,37,q2,comment2,santé,1,1,1,0,TCS,0,NULL,NULL
515,37,q515,comment515,santé,1,1,1,0,QCM,1,1,1
516,37,q516,comment516,santé,1,1,1,0,QCU,1,2,1
517,37,q517,comment517,santé,1,1,1,0,QCM,1,3,2
518,37,q518,comment518,santé,1,1,1,0,QCM,1,4,2
519,37,q519,comment519,santé,1,1,1,0,QCU,1,5,2
520,37,q520,comment520,santé,1,1,1,0,QCM,1,6,3
521,37,q521,comment521,santé,1,1,1,0,QCM,1,7,3
522,37,q522,comment522,santé,1,1,1,0,QCM,1,8,3
523,37,q523,comment523,santé,1,1,1,0,QCU,1,9,4
524,37,q524,comment524,santé,1,1,1,0,QCU,1,10,4
525,37,q525,comment525,santé,1,1,1,0,QCU,1,11,4
526,38,q14,comment14,santé,1,1,1,0,QCM,0,NULL,NULL
527,38,q15,comment15,santé,1,1,1,0,QCM,0,NULL,NULL
528,38,q0,comment0,santé,1,1,1,0,QCU,0,NULL,NULL
529,38,q1,comment1,santé,1,1,1,0,TCS,0,NULL,NULL
530,38,q530,comment530,santé,1,1,1,0,QCM,1,1,1
531,38,q531,comment531,santé,1,1,1,0,QCU,1,2,1
532,38,q532,comment532,santé,1,1,1,0,QCM,1,3,2
533,38,q533,comment533,santé,1,1,1,0,QCM,1,4,2
534,38,q534,comment534,santé,1,1,1,0,QCU,1,5,2
535,38,q535,comment535,santé,1,1,1,0,QCM,1,6,3
536,38,q536,comment536,santé,1,1,1,0,QCM,1,7,3
537,38,q537,comment537,santé,1,1,1,0,QCM,1,8,3
538,38,q538,comment538,santé,1,1,1,0,QCU,1,9,4
539,38,q539,comment539,santé,1,1,1,0,QCU,1,10,4
540,38,q540,comment540,santé,1,1,1,0,QCU,1,11,4
541,39,q13,comment13,santé,1,1,1,0,QCM,0,NULL,NULL
542,39,q14,comment14,santé,1,1,1,0,QCM,0,NULL,NULL
543,39,q15,comment15,santé,1,1,1,0,QCU,0,NULL,NULL
544,39,q0,comment0,santé,1,1,1,0,TCS,0,NULL,NULL
545,39,q545,comment545,santé,1,1,1,0,QCM,1,1,1
546,39,q546,comment546,santé,1,1,1,0,QCU,1,2,1
547,39,q547,comment547,santé,1,1,1,0,QCM,1,3,2
548,39,q548,comment548,santé,1,1,1,0,QCM,1,4,2
549,39,q549,comment549,santé,1,1,1,0,QCU,1,5,2
550,39,q550,comment550,santé,1,1,1,0,QCM,1,6,3
551,39,q551,comment551,santé,1,1,1,0,QCM,1,7,3
552,39,q552,comment552,santé,1,1,1,0,QCM,1,8,3
553,39,q553,comment553,santé,1,1,1,0,QCU,1,9,4
554,39,q554,comment554,santé,1,1,1,0,QCU,1,10,4
555,39,q555,comment555,santé,1,1,1,0,QCU,1,11,4
556,40,q12,comment12,santé,1,1,1,0,QCM,0,NULL,NULL
557,40,q13,comment13,santé,1,1,1,0,QCM,0,NULL,NULL
558,40,q14,comment14,santé,1,1,1,0,QCU,0,NULL,NULL
559,40,q15,comment15,santé,1,1,1,0,TCS,0,NULL,NULL
560,40,q560,comment560,santé,1,1,1,0,QCM,1,1,1
561,40,q561,comment561,santé,1,1,1,0,QCU,1,2,1
562,40,q562,comment562,santé,1,1,1,0,QCM,1,3,2
563,40,q563,comment563,santé,1,1,1,0,QCM,1,4,2
564,40,q564,comment564,santé,1,1,1,0,QCU,1,5,2
565,40,q565,comment565,santé,1,1,1,0,QCM,1,6,3
566,40,q566,comment566,santé,1,1,1,0,QCM,1,7,3
567,40,q567,comment567,santé,1,1,1,0,QCM,1,8,3
568,40,q568,comment568,santé,1,1,1,0,QCU,1,9,4
569,40,q569,comment569,santé,1,1,1,0,QCU,1,10,4
570,40,q570,comment570,santé,1,1,1,0,QCU,1,11,4
571,41,q11,comment11,santé,1,1,1,0,QCM,0,NULL,NULL
572,41,q12,comment12,santé,1,1,1,0,QCM,0,NULL,NULL
573,41,q13,comment13,santé,1,1,1,0,QCU,0,NULL,NULL
574,41,q14,comment14,santé,1,1,1,0,TCS,0,NULL,NULL
575,41,q575,comment575,santé,1,1,1,0,QCM,1,1,1
576,41,q576,comment576,santé,1,1,1,0,QCU,1,2,1
577,41,q577,comment577,santé,1,1,1,0,QCM,1,3,2
578,41,q578,comment578,santé,1,1,1,0,QCM,1,4,2
579,41,q579,comment579,santé,1,1,1,0,QCU,1,5,2
580,41,q580,comment580,santé,1,1,1,0,QCM,1,6,3
581,41,q581,comment581,santé,1,1,1,0,QCM,1,7,3
582,41,q582,comment582,santé,1,1,1,0,QCM,1,8,3
583,41,q583,comment583,santé,1,1,1,0,QCU,1,9,4
584,41,q584,comment584,santé,1,1,1,0,QCU,1,10,4
585,41,q585,comment585,santé,1,1,1,0,QCU,1,11,4
586,42,q10,comment10,santé,1,1,1,0,QCM,0,NULL,NULL
587,42,q11,comment11,santé,1,1,1,0,QCM,0,NULL,NULL
588,42,q12,comment12,santé,1,1,1,0,QCU,0,NULL,NULL
589,42,q13,comment13,santé,1,1,1,0,TCS,0,NULL,NULL
590,42,q590,comment590,santé,1,1,1,0,QCM,1,1,1
591,42,q591,comment591,santé,1,1,1,0,QCU,1,2,1
592,42,q592,comment592,santé,1,1,1,0,QCM,1,3,2
593,42,q593,comment593,santé,1,1,1,0,QCM,1,4,2
594,42,q594,comment594,santé,1,1,1,0,QCU,1,5,2
595,42,q595,comment595,santé,1,1,1,0,QCM,1,6,3
596,42,q596,comment596,santé,1,1,1,0,QCM,1,7,3
597,42,q597,comment597,santé,1,1,1,0,QCM,1,8,3
598,42,q598,comment598,santé,1,1,1,0,QCU,1,9,4
599,42,q599,comment599,santé,1,1,1,0,QCU,1,10,4
600,42,q600,comment600,santé,1,1,1,0,QCU,1,11,4
601,43,q9,comment9,santé,1,1,1,0,QCM,0,NULL,NULL
602,43,q10,comment10,santé,1,1,1,0,QCM,0,NULL,NULL
603,43,q11,comment11,santé,1,1,1,0,QCU,0,NULL,NULL
604,43,q12,comment12,santé,1,1,1,0,TCS,0,NULL,NULL
605,43,q605,comment605,santé,1,1,1,0,QCM,1,1,1
606,43,q606,comment606,santé,1,1,1,0,QCU,1,2,1
607,43,q607,comment607,santé,1,1,1,0,QCM,1,3,2
608,43,q608,comment608,santé,1,1,1,0,QCM,1,4,2
609,43,q609,comment609,santé,1,1,1,0,QCU,1,5,2
610,43,q610,comment610,santé,1,1,1,0,QCM,1,6,3
611,43,q611,comment611,santé,1,1,1,0,QCM,1,7,3
612,43,q612,comment612,santé,1,1,1,0,QCM,1,8,3
613,43,q613,comment613,santé,1,1,1,0,QCU,1,9,4
614,43,q614,comment614,santé,1,1,1,0,QCU,1,10,4
615,43,q615,comment615,santé,1,1,1,0,QCU,1,11,4
616,44,q8,comment8,santé,1,1,1,0,QCM,0,NULL,NULL
617,44,q9,comment9,santé,1,1,1,0,QCM,0,NULL,NULL
618,44,q10,comment10,santé,1,1,1,0,QCU,0,NULL,NULL
619,44,q11,comment11,santé,1,1,1,0,TCS,0,NULL,NULL
620,44,q620,comment620,santé,1,1,1,0,QCM,1,1,1
621,44,q621,comment621,santé,1,1,1,0,QCU,1,2,1
622,44,q622,comment622,santé,1,1,1,0,QCM,1,3,2
623,44,q623,comment623,santé,1,1,1,0,QCM,1,4,2
624,44,q624,comment624,santé,1,1,1,0,QCU,1,5,2
625,44,q625,comment625,santé,1,1,1,0,QCM,1,6,3
626,44,q626,comment626,santé,1,1,1,0,QCM,1,7,3
627,44,q627,comment627,santé,1,1,1,0,QCM,1,8,3
628,44,q628,comment628,santé,1,1,1,0,QCU,1,9,4
629,44,q629,comment629,santé,1,1,1,0,QCU,1,10,4
630,44,q630,comment630,santé,1,1,1,0,QCU,1,11,4
631,45,q7,comment7,santé,1,1,1,0,QCM,0,NULL,NULL
632,45,q8,comment8,santé,1,1,1,0,QCM,0,NULL,NULL
633,45,q9,comment9,santé,1,1,1,0,QCU,0,NULL,NULL
634,45,q10,comment10,santé,1,1,1,0,TCS,0,NULL,NULL
635,45,q635,comment635,santé,1,1,1,0,QCM,1,1,1
636,45,q636,comment636,santé,1,1,1,0,QCU,1,2,1
637,45,q637,comment637,santé,1,1,1,0,QCM,1,3,2
638,45,q638,comment638,santé,1,1,1,0,QCM,1,4,2
639,45,q639,comment639,santé,1,1,1,0,QCU,1,5,2
640,45,q640,comment640,santé,1,1,1,0,QCM,1,6,3
641,45,q641,comment641,santé,1,1,1,0,QCM,1,7,3
642,45,q642,comment642,santé,1,1,1,0,QCM,1,8,3
643,45,q643,comment643,santé,1,1,1,0,QCU,1,9,4
644,45,q644,comment644,santé,1,1,1,0,QCU,1,10,4
645,45,q645,comment645,santé,1,1,1,0,QCU,1,11,4
646,46,q6,comment6,santé,1,1,1,0,QCM,0,NULL,NULL
647,46,q7,comment7,santé,1,1,1,0,QCM,0,NULL,NULL
648,46,q8,comment8,santé,1,1,1,0,QCU,0,NULL,NULL
649,46,q9,comment9,santé,1,1,1,0,TCS,0,NULL,NULL
650,46,q650,comment650,santé,1,1,1,0,QCM,1,1,1
651,46,q651,comment651,santé,1,1,1,0,QCU,1,2,1
652,46,q652,comment652,santé,1,1,1,0,QCM,1,3,2
653,46,q653,comment653,santé,1,1,1,0,QCM,1,4,2
654,46,q654,comment654,santé,1,1,1,0,QCU,1,5,2
655,46,q655,comment655,santé,1,1,1,0,QCM,1,6,3
656,46,q656,comment656,santé,1,1,1,0,QCM,1,7,3
657,46,q657,comment657,santé,1,1,1,0,QCM,1,8,3
658,46,q658,comment658,santé,1,1,1,0,QCU,1,9,4
659,46,q659,comment659,santé,1,1,1,0,QCU,1,10,4
660,46,q660,comment660,santé,1,1,1,0,QCU,1,11,4
661,47,q5,comment5,santé,1,1,1,0,QCM,0,NULL,NULL
662,47,q6,comment6,santé,1,1,1,0,QCM,0,NULL,NULL
663,47,q7,comment7,santé,1,1,1,0,QCU,0,NULL,NULL
664,47,q8,comment8,santé,1,1,1,0,TCS,0,NULL,NULL
665,47,q665,comment665,santé,1,1,1,0,QCM,1,1,1
666,47,q666,comment666,santé,1,1,1,0,QCU,1,2,1
667,47,q667,comment667,santé,1,1,1,0,QCM,1,3,2
668,47,q668,comment668,santé,1,1,1,0,QCM,1,4,2
669,47,q669,comment669,santé,1,1,1,0,QCU,1,5,2
670,47,q670,comment670,santé,1,1,1,0,QCM,1,6,3
671,47,q671,comment671,santé,1,1,1,0,QCM,1,7,3
672,47,q672,comment672,santé,1,1,1,0,QCM,1,8,3
673,47,q673,comment673,santé,1,1,1,0,QCU,1,9,4
674,47,q674,comment674,santé,1,1,1,0,QCU,1,10,4
675,47,q675,comment675,santé,1,1,1,0,QCU,1,11,4
676,48,q4,comment4,santé,1,1,1,0,QCM,0,NULL,NULL
677,48,q5,comment5,santé,1,1,1,0,QCM,0,NULL,NULL
678,48,q6,comment6,santé,1,1,1,0,QCU,0,NULL,NULL
679,48,q7,comment7,santé,1,1,1,0,TCS,0,NULL,NULL
680,48,q680,comment680,santé,1,1,1,0,QCM,1,1,1
681,48,q681,comment681,santé,1,1,1,0,QCU,1,2,1
682,48,q682,comment682,santé,1,1,1,0,QCM,1,3,2
683,48,q683,comment683,santé,1,1,1,0,QCM,1,4,2
684,48,q684,comment684,santé,1,1,1,0,QCU,1,5,2
685,48,q685,comment685,santé,1,1,1,0,QCM,1,6,3
686,48,q686,comment686,santé,1,1,1,0,QCM,1,7,3
687,48,q687,comment687,santé,1,1,1,0,QCM,1,8,3
688,48,q688,comment688,santé,1,1,1,0,QCU,1,9,4
689,48,q689,comment689,santé,1,1,1,0,QCU,1,10,4
690,48,q690,comment690,santé,1,1,1,0,QCU,1,11,4
691,49,q3,comment3,santé,1,1,1,0,QCM,0,NULL,NULL
692,49,q4,comment4,santé,1,1,1,0,QCM,0,NULL,NULL
693,49,q5,comment5,santé,1,1,1,0,QCU,0,NULL,NULL
694,49,q6,comment6,santé,1,1,1,0,TCS,0,NULL,NULL
695,49,q695,comment695,santé,1,1,1,0,QCM,1,1,1
696,49,q696,comment696,santé,1,1,1,0,QCU,1,2,1
697,49,q697,comment697,santé,1,1,1,0,QCM,1,3,2
698,49,q698,comment698,santé,1,1,1,0,QCM,1,4,2
699,49,q699,comment699,santé,1,1,1,0,QCU,1,5,2
700,49,q700,comment700,santé,1,1,1,0,QCM,1,6,3
701,49,q701,comment701,santé,1,1,1,0,QCM,1,7,3
702,49,q702,comment702,santé,1,1,1,0,QCM,1,8,3
703,49,q703,comment703,santé,1,1,1,0,QCU,1,9,4
704,49,q704,comment704,santé,1,1,1,0,QCU,1,10,4
705,49,q705,comment705,santé,1,1,1,0,QCU,1,11,4
706,50,q2,comment2,santé,1,1,1,0,QCM,0,NULL,NULL
707,50,q3,comment3,santé,1,1,1,0,QCM,0,NULL,NULL
708,50,q4,comment4,santé,1,1,1,0,QCU,0,NULL,NULL
709,50,q5,comment5,santé,1,1,1,0,TCS,0,NULL,NULL
710,50,q710,comment710,santé,1,1,1,0,QCM,1,1,1
711,50,q711,comment711,santé,1,1,1,0,QCU,1,2,1
712,50,q712,comment712,santé,1,1,1,0,QCM,1,3,2
713,50,q713,comment713,santé,1,1,1,0,QCM,1,4,2
714,50,q714,comment714,santé,1,1,1,0,QCU,1,5,2
715,50,q715,comment715,santé,1,1,1,0,QCM,1,6,3
716,50,q716,comment716,santé,1,1,1,0,QCM,1,7,3
717,50,q717,comment717,santé,1,1,1,0,QCM,1,8,3
718,50,q718,comment718,santé,1,1,1,0,QCU,1,9,4
719,50,q719,comment719,santé,1,1,1,0,QCU,1,10,4
720,50,q720,comment720,santé,1,1,1,0,QCU,1,11,4
721,51,q1,comment1,santé,1,1,1,0,QCM,0,NULL,NULL
722,51,q2,comment2,santé,1,1,1,0,QCM,0,NULL,NULL
723,51,q3,comment3,santé,1,1,1,0,QCU,0,NULL,NULL
724,51,q4,comment4,santé,1,1,1,0,TCS,0,NULL,NULL
725,51,q725,comment725,santé,1,1,1,0,QCM,1,1,1
726,51,q726,comment726,santé,1,1,1,0,QCU,1,2,1
727,51,q727,comment727,santé,1,1,1,0,QCM,1,3,2
728,51,q728,comment728,santé,1,1,1,0,QCM,1,4,2
729,51,q729,comment729,santé,1,1,1,0,QCU,1,5,2
730,51,q730,comment730,santé,1,1,1,0,QCM,1,6,3
731,51,q731,comment731,santé,1,1,1,0,QCM,1,7,3
732,51,q732,comment732,santé,1,1,1,0,QCM,1,8,3
733,51,q733,comment733,santé,1,1,1,0,QCU,1,9,4
734,51,q734,comment734,santé,1,1,1,0,QCU,1,10,4
735,51,q735,comment735,santé,1,1,1,0,QCU,1,11,4
736,52,q0,comment0,santé,1,1,1,0,QCM,0,NULL,NULL
737,52,q1,comment1,santé,1,1,1,0,QCM,0,NULL,NULL
738,52,q2,comment2,santé,1,1,1,0,QCU,0,NULL,NULL
739,52,q3,comment3,santé,1,1,1,0,TCS,0,NULL,NULL
740,52,q740,comment740,santé,1,1,1,0,QCM,1,1,1
741,52,q741,comment741,santé,1,1,1,0,QCU,1,2,1
742,52,q742,comment742,santé,1,1,1,0,QCM,1,3,2
743,52,q743,comment743,santé,1,1,1,0,QCM,1,4,2
744,52,q744,comment744,santé,1,1,1,0,QCU,1,5,2
745,52,q745,comment745,santé,1,1,1,0,QCM,1,6,3
746,52,q746,comment746,santé,1,1,1,0,QCM,1,7,3
747,52,q747,comment747,santé,1,1,1,0,QCM,1,8,3
748,52,q748,comment748,santé,1,1,1,0,QCU,1,9,4
749,52,q749,comment749,santé,1,1,1,0,QCU,1,10,4
750,52,q750,comment750,santé,1,1,1,0,QCU,1,11,4
751,53,q15,comment15,santé,1,1,1,0,QCM,0,NULL,NULL
752,53,q0,comment0,santé,1,1,1,0,QCM,0,NULL,NULL
753,53,q1,comment1,santé,1,1,1,0,QCU,0,NULL,NULL
754,53,q2,comment2,santé,1,1,1,0,TCS,0,NULL,NULL
755,53,q755,comment755,santé,1,1,1,0,QCM,1,1,1
756,53,q756,comment756,santé,1,1,1,0,QCU,1,2,1
757,53,q757,comment757,santé,1,1,1,0,QCM,1,3,2
758,53,q758,comment758,santé,1,1,1,0,QCM,1,4,2
759,53,q759,comment759,santé,1,1,1,0,QCU,1,5,2
760,53,q760,comment760,santé,1,1,1,0,QCM,1,6,3
761,53,q761,comment761,santé,1,1,1,0,QCM,1,7,3
762,53,q762,comment762,santé,1,1,1,0,QCM,1,8,3
763,53,q763,comment763,santé,1,1,1,0,QCU,1,9,4
764,53,q764,comment764,santé,1,1,1,0,QCU,1,10,4
765,53,q765,comment765,santé,1,1,1,0,QCU,1,11,4
766,54,q14,comment14,santé,1,1,1,0,QCM,0,NULL,NULL
767,54,q15,comment15,santé,1,1,1,0,QCM,0,NULL,NULL
768,54,q0,comment0,santé,1,1,1,0,QCU,0,NULL,NULL
769,54,q1,comment1,santé,1,1,1,0,TCS,0,NULL,NULL
770,54,q770,comment770,santé,1,1,1,0,QCM,1,1,1
771,54,q771,comment771,santé,1,1,1,0,QCU,1,2,1
772,54,q772,comment772,santé,1,1,1,0,QCM,1,3,2
773,54,q773,comment773,santé,1,1,1,0,QCM,1,4,2
774,54,q774,comment774,santé,1,1,1,0,QCU,1,5,2
775,54,q775,comment775,santé,1,1,1,0,QCM,1,6,3
776,54,q776,comment776,santé,1,1,1,0,QCM,1,7,3
777,54,q777,comment777,santé,1,1,1,0,QCM,1,8,3
778,54,q778,comment778,santé,1,1,1,0,QCU,1,9,4
779,54,q779,comment779,santé,1,1,1,0,QCU,1,10,4
780,54,q780,comment780,santé,1,1,1,0,QCU,1,11,4
781,55,q13,comment13,santé,1,1,1,0,QCM,0,NULL,NULL
782,55,q14,comment14,santé,1,1,1,0,QCM,0,NULL,NULL
783,55,q15,comment15,santé,1,1,1,0,QCU,0,NULL,NULL
784,55,q0,comment0,santé,1,1,1,0,TCS,0,NULL,NULL
785,55,q785,comment785,santé,1,1,1,0,QCM,1,1,1
786,55,q786,comment786,santé,1,1,1,0,QCU,1,2,1
787,55,q787,comment787,santé,1,1,1,0,QCM,1,3,2
788,55,q788,comment788,santé,1,1,1,0,QCM,1,4,2
789,55,q789,comment789,santé,1,1,1,0,QCU,1,5,2
790,55,q790,comment790,santé,1,1,1,0,QCM,1,6,3
791,55,q791,comment791,santé,1,1,1,0,QCM,1,7,3
792,55,q792,comment792,santé,1,1,1,0,QCM,1,8,3
793,55,q793,comment793,santé,1,1,1,0,QCU,1,9,4
794,55,q794,comment794,santé,1,1,1,0,QCU,1,10,4
795,55,q795,comment795,santé,1,1,1,0,QCU,1,11,4
796,56,q12,comment12,santé,1,1,1,0,QCM,0,NULL,NULL
797,56,q13,comment13,santé,1,1,1,0,QCM,0,NULL,NULL
798,56,q14,comment14,santé,1,1,1,0,QCU,0,NULL,NULL
799,56,q15,comment15,santé,1,1,1,0,TCS,0,NULL,NULL
800,56,q800,comment800,santé,1,1,1,0,QCM,1,1,1
801,56,q801,comment801,santé,1,1,1,0,QCU,1,2,1
802,56,q802,comment802,santé,1,1,1,0,QCM,1,3,2
803,56,q803,comment803,santé,1,1,1,0,QCM,1,4,2
804,56,q804,comment804,santé,1,1,1,0,QCU,1,5,2
805,56,q805,comment805,santé,1,1,1,0,QCM,1,6,3
806,56,q806,comment806,santé,1,1,1,0,QCM,1,7,3
807,56,q807,comment807,santé,1,1,1,0,QCM,1,8,3
808,56,q808,comment808,santé,1,1,1,0,QCU,1,9,4
809,56,q809,comment809,santé,1,1,1,0,QCU,1,10,4
810,56,q810,comment810,santé,1,1,1,0,QCU,1,11,4
811,57,q11,comment11,santé,1,1,1,0,QCM,0,NULL,NULL
812,57,q12,comment12,santé,1,1,1,0,QCM,0,NULL,NULL
813,57,q13,comment13,santé,1,1,1,0,QCU,0,NULL,NULL
814,57,q14,comment14,santé,1,1,1,0,TCS,0,NULL,NULL
815,57,q815,comment815,santé,1,1,1,0,QCM,1,1,1
816,57,q816,comment816,santé,1,1,1,0,QCU,1,2,1
817,57,q817,comment817,santé,1,1,1,0,QCM,1,3,2
818,57,q818,comment818,santé,1,1,1,0,QCM,1,4,2
819,57,q819,comment819,santé,1,1,1,0,QCU,1,5,2
820,57,q820,comment820,santé,1,1,1,0,QCM,1,6,3
821,57,q821,comment821,santé,1,1,1,0,QCM,1,7,3
822,57,q822,comment822,santé,1,1,1,0,QCM,1,8,3
823,57,q823,comment823,santé,1,1,1,0,QCU,1,9,4
824,57,q824,comment824,santé,1,1,1,0,QCU,1,10,4
825,57,q825,comment825,santé,1,1,1,0,QCU,1,11,4
826,58,q10,comment10,santé,1,1,1,0,QCM,0,NULL,NULL
827,58,q11,comment11,santé,1,1,1,0,QCM,0,NULL,NULL
828,58,q12,comment12,santé,1,1,1,0,QCU,0,NULL,NULL
829,58,q13,comment13,santé,1,1,1,0,TCS,0,NULL,NULL
830,58,q830,comment830,santé,1,1,1,0,QCM,1,1,1
831,58,q831,comment831,santé,1,1,1,0,QCU,1,2,1
832,58,q832,comment832,santé,1,1,1,0,QCM,1,3,2
833,58,q833,comment833,santé,1,1,1,0,QCM,1,4,2
834,58,q834,comment834,santé,1,1,1,0,QCU,1,5,2
835,58,q835,comment835,santé,1,1,1,0,QCM,1,6,3
836,58,q836,comment836,santé,1,1,1,0,QCM,1,7,3
837,58,q837,comment837,santé,1,1,1,0,QCM,1,8,3
838,58,q838,comment838,santé,1,1,1,0,QCU,1,9,4
839,58,q839,comment839,santé,1,1,1,0,QCU,1,10,4
840,58,q840,comment840,santé,1,1,1,0,QCU,1,11,4
841,59,q9,comment9,santé,1,1,1,0,QCM,0,NULL,NULL
842,59,q10,comment10,santé,1,1,1,0,QCM,0,NULL,NULL
843,59,q11,comment11,santé,1,1,1,0,QCU,0,NULL,NULL
844,59,q12,comment12,santé,1,1,1,0,TCS,0,NULL,NULL
845,59,q845,comment845,santé,1,1,1,0,QCM,1,1,1
846,59,q846,comment846,santé,1,1,1,0,QCU,1,2,1
847,59,q847,comment847,santé,1,1,1,0,QCM,1,3,2
848,59,q848,comment848,santé,1,1,1,0,QCM,1,4,2
849,59,q849,comment849,santé,1,1,1,0,QCU,1,5,2
850,59,q850,comment850,santé,1,1,1,0,QCM,1,6,3
851,59,q851,comment851,santé,1,1,1,0,QCM,1,7,3
852,59,q852,comment852,santé,1,1,1,0,QCM,1,8,3
853,59,q853,comment853,santé,1,1,1,0,QCU,1,9,4
854,59,q854,comment854,santé,1,1,1,0,QCU,1,10,4
855,59,q855,comment855,santé,1,1,1,0,QCU,1,11,4
856,60,q8,comment8,santé,1,1,1,0,QCM,0,NULL,NULL
857,60,q9,comment9,santé,1,1,1,0,QCM,0,NULL,NULL
858,60,q10,comment10,santé,1,1,1,0,QCU,0,NULL,NULL
859,60,q11,comment11,santé,1,1,1,0,TCS,0,NULL,NULL
860,60,q860,comment860,santé,1,1,1,0,QCM,1,1,1
861,60,q861,comment861,santé,1,1,1,0,QCU,1,2,1
862,60,q862,comment862,santé,1,1,1,0,QCM,1,3,2
863,60,q863,comment863,santé,1,1,1,0,QCM,1,4,2
864,60,q864,comment864,santé,1,1,1,0,QCU,1,5,2
865,60,q865,comment865,santé,1,1,1,0,QCM,1,6,3
866,60,q866,comment866,santé,1,1,1,0,QCM,1,7,3
867,60,q867,comment867,santé,1,1,1,0,QCM,1,8,3
868,60,q868,comment868,santé,1,1,1,0,QCU,1,9,4
869,60,q869,comment869,santé,1,1,1,0,QCU,1,10,4
870,60,q870,comment870,santé,1,1,1,0,QCU,1,11,4
871,61,q7,comment7,santé,1,1,1,0,QCM,0,NULL,NULL
872,61,q8,comment8,santé,1,1,1,0,QCM,0,NULL,NULL
873,61,q9,comment9,santé,1,1,1,0,QCU,0,NULL,NULL
874,61,q10,comment10,santé,1,1,1,0,TCS,0,NULL,NULL
875,61,q875,comment875,santé,1,1,1,0,QCM,1,1,1
876,61,q876,comment876,santé,1,1,1,0,QCU,1,2,1
877,61,q877,comment877,santé,1,1,1,0,QCM,1,3,2
878,61,q878,comment878,santé,1,1,1,0,QCM,1,4,2
879,61,q879,comment879,santé,1,1,1,0,QCU,1,5,2
880,61,q880,comment880,santé,1,1,1,0,QCM,1,6,3
881,61,q881,comment881,santé,1,1,1,0,QCM,1,7,3
882,61,q882,comment882,santé,1,1,1,0,QCM,1,8,3
883,61,q883,comment883,santé,1,1,1,0,QCU,1,9,4
884,61,q884,comment884,santé,1,1,1,0,QCU,1,10,4
885,61,q885,comment885,santé,1,1,1,0,QCU,1,11,4
886,62,q6,comment6,santé,1,1,1,0,QCM,0,NULL,NULL
887,62,q7,comment7,santé,1,1,1,0,QCM,0,NULL,NULL
888,62,q8,comment8,santé,1,1,1,0,QCU,0,NULL,NULL
889,62,q9,comment9,santé,1,1,1,0,TCS,0,NULL,NULL
890,62,q890,comment890,santé,1,1,1,0,QCM,1,1,1
891,62,q891,comment891,santé,1,1,1,0,QCU,1,2,1
892,62,q892,comment892,santé,1,1,1,0,QCM,1,3,2
893,62,q893,comment893,santé,1,1,1,0,QCM,1,4,2
894,62,q894,comment894,santé,1,1,1,0,QCU,1,5,2
895,62,q895,comment895,santé,1,1,1,0,QCM,1,6,3
896,62,q896,comment896,santé,1,1,1,0,QCM,1,7,3
897,62,q897,comment897,santé,1,1,1,0,QCM,1,8,3
898,62,q898,comment898,santé,1,1,1,0,QCU,1,9,4
899,62,q899,comment899,santé,1,1,1,0,QCU,1,10,4
900,62,q900,comment900,santé,1,1,1,0,QCU,1,11,4
901,63,q5,comment5,santé,1,1,1,0,QCM,0,NULL,NULL
902,63,q6,comment6,santé,1,1,1,0,QCM,0,NULL,NULL
903,63,q7,comment7,santé,1,1,1,0,QCU,0,NULL,NULL
904,63,q8,comment8,santé,1,1,1,0,TCS,0,NULL,NULL
905,63,q905,comment905,santé,1,1,1,0,QCM,1,1,1
906,63,q906,comment906,santé,1,1,1,0,QCU,1,2,1
907,63,q907,comment907,santé,1,1,1,0,QCM,1,3,2
908,63,q908,comment908,santé,1,1,1,0,QCM,1,4,2
909,63,q909,comment909,santé,1,1,1,0,QCU,1,5,2
910,63,q910,comment910,santé,1,1,1,0,QCM,1,6,3
911,63,q911,comment911,santé,1,1,1,0,QCM,1,7,3
912,63,q912,comment912,santé,1,1,1,0,QCM,1,8,3
913,63,q913,comment913,santé,1,1,1,0,QCU,1,9,4
914,63,q914,comment914,santé,1,1,1,0,QCU,1,10,4
915,63,q915,comment915,santé,1,1,1,0,QCU,1,11,4
916,64,q4,comment4,santé,1,1,1,0,QCM,0,NULL,NULL
917,64,q5,comment5,santé,1,1,1,0,QCM,0,NULL,NULL
918,64,q6,comment6,santé,1,1,1,0,QCU,0,NULL,NULL
919,64,q7,comment7,santé,1,1,1,0,TCS,0,NULL,NULL
920,64,q920,comment920,santé,1,1,1,0,QCM,1,1,1
921,64,q921,comment921,santé,1,1,1,0,QCU,1,2,1
922,64,q922,comment922,santé,1,1,1,0,QCM,1,3,2
923,64,q923,comment923,santé,1,1,1,0,QCM,1,4,2
924,64,q924,comment924,santé,1,1,1,0,QCU,1,5,2
925,64,q925,comment925,santé,1,1,1,0,QCM,1,6,3
926,64,q926,comment926,santé,1,1,1,0,QCM,1,7,3
927,64,q927,comment927,santé,1,1,1,0,QCM,1,8,3
928,64,q928,comment928,santé,1,1,1,0,QCU,1,9,4
929,64,q929,comment929,santé,1,1,1,0,QCU,1,10,4
930,64,q930,comment930,santé,1,1,1,0,QCU,1,11,4
931,65,q3,comment3,santé,1,1,1,0,QCM,0,NULL,NULL
932,65,q4,comment4,santé,1,1,1,0,QCM,0,NULL,NULL
933,65,q5,comment5,santé,1,1,1,0,QCU,0,NULL,NULL
934,65,q6,comment6,santé,1,1,1,0,TCS,0,NULL,NULL
935,65,q935,comment935,santé,1,1,1,0,QCM,1,1,1
936,65,q936,comment936,santé,1,1,1,0,QCU,1,2,1
937,65,q937,comment937,santé,1,1,1,0,QCM,1,3,2
938,65,q938,comment938,santé,1,1,1,0,QCM,1,4,2
939,65,q939,comment939,santé,1,1,1,0,QCU,1,5,2
940,65,q940,comment940,santé,1,1,1,0,QCM,1,6,3
941,65,q941,comment941,santé,1,1,1,0,QCM,1,7,3
942,65,q942,comment942,santé,1,1,1,0,QCM,1,8,3
943,65,q943,comment943,santé,1,1,1,0,QCU,1,9,4
944,65,q944,comment944,santé,1,1,1,0,QCU,1,10,4
945,65,q945,comment945,santé,1,1,1,0,QCU,1,11,4
946,66,q2,comment2,santé,1,1,1,0,QCM,0,NULL,NULL
947,66,q3,comment3,santé,1,1,1,0,QCM,0,NULL,NULL
948,66,q4,comment4,santé,1,1,1,0,QCU,0,NULL,NULL
949,66,q5,comment5,santé,1,1,1,0,TCS,0,NULL,NULL
950,66,q950,comment950,santé,1,1,1,0,QCM,1,1,1
951,66,q951,comment951,santé,1,1,1,0,QCU,1,2,1
952,66,q952,comment952,santé,1,1,1,0,QCM,1,3,2
953,66,q953,comment953,santé,1,1,1,0,QCM,1,4,2
954,66,q954,comment954,santé,1,1,1,0,QCU,1,5,2
955,66,q955,comment955,santé,1,1,1,0,QCM,1,6,3
956,66,q956,comment956,santé,1,1,1,0,QCM,1,7,3
957,66,q957,comment957,santé,1,1,1,0,QCM,1,8,3
958,66,q958,comment958,santé,1,1,1,0,QCU,1,9,4
959,66,q959,comment959,santé,1,1,1,0,QCU,1,10,4
960,66,q960,comment960,santé,1,1,1,0,QCU,1,11,4
961,67,q1,comment1,santé,1,1,1,0,QCM,0,NULL,NULL
962,67,q2,comment2,santé,1,1,1,0,QCM,0,NULL,NULL
963,67,q3,comment3,santé,1,1,1,0,QCU,0,NULL,NULL
964,67,q4,comment4,santé,1,1,1,0,TCS,0,NULL,NULL
965,67,q965,comment965,santé,1,1,1,0,QCM,1,1,1
966,67,q966,comment966,santé,1,1,1,0,QCU,1,2,1
967,67,q967,comment967,santé,1,1,1,0,QCM,1,3,2
968,67,q968,comment968,santé,1,1,1,0,QCM,1,4,2
969,67,q969,comment969,santé,1,1,1,0,QCU,1,5,2
970,67,q970,comment970,santé,1,1,1,0,QCM,1,6,3
971,67,q971,comment971,santé,1,1,1,0,QCM,1,7,3
972,67,q972,comment972,santé,1,1,1,0,QCM,1,8,3
973,67,q973,comment973,santé,1,1,1,0,QCU,1,9,4
974,67,q974,comment974,santé,1,1,1,0,QCU,1,10,4
975,67,q975,comment975,santé,1,1,1,0,QCU,1,11,4
976,68,q0,comment0,santé,1,1,1,0,QCM,0,NULL,NULL
977,68,q1,comment1,santé,1,1,1,0,QCM,0,NULL,NULL
978,68,q2,comment2,santé,1,1,1,0,QCU,0,NULL,NULL
979,68,q3,comment3,santé,1,1,1,0,TCS,0,NULL,NULL
980,68,q980,comment980,santé,1,1,1,0,QCM,1,1,1
981,68,q981,comment981,santé,1,1,1,0,QCU,1,2,1
982,68,q982,comment982,santé,1,1,1,0,QCM,1,3,2
983,68,q983,comment983,santé,1,1,1,0,QCM,1,4,2
984,68,q984,comment984,santé,1,1,1,0,QCU,1,5,2
985,68,q985,comment985,santé,1,1,1,0,QCM,1,6,3
986,68,q986,comment986,santé,1,1,1,0,QCM,1,7,3
987,68,q987,comment987,santé,1,1,1,0,QCM,1,8,3
988,68,q988,comment988,santé,1,1,1,0,QCU,1,9,4
989,68,q989,comment989,santé,1,1,1,0,QCU,1,10,4
990,68,q990,comment990,santé,1,1,1,0,QCU,1,11,4
991,69,q15,comment15,santé,1,1,1,0,QCM,0,NULL,NULL
992,69,q0,comment0,santé,1,1,1,0,QCM,0,NULL,NULL
993,69,q1,comment1,santé,1,1,1,0,QCU,0,NULL,NULL
994,69,q2,comment2,santé,1,1,1,0,TCS,0,NULL,NULL
995,69,q995,comment995,santé,1,1,1,0,QCM,1,1,1
996,69,q996,comment996,santé,1,1,1,0,QCU,1,2,1
997,69,q997,comment997,santé,1,1,1,0,QCM,1,3,2
998,69,q998,comment998,santé,1,1,1,0,QCM,1,4,2
999,69,q999,comment999,santé,1,1,1,0,QCU,1,5,2
1000,69,q1000,comment1000,santé,1,1,1,0,QCM,1,6,3
1001,69,q1001,comment1001,santé,1,1,1,0,QCM,1,7,3
1002,69,q1002,comment1002,santé,1,1,1,0,QCM,1,8,3
1003,69,q1003,comment1003,santé,1,1,1,0,QCU,1,9,4
1004,69,q1004,comment1004,santé,1,1,1,0,QCU,1,10,4
1005,69,q1005,comment1005,santé,1,1,1,0,QCU,1,11,4
1006,70,q14,comment14,santé,1,1,1,0,QCM,0,NULL,NULL
1007,70,q15,comment15,santé,1,1,1,0,QCM,0,NULL,NULL
1008,70,q0,comment0,santé,1,1,1,0,QCU,0,NULL,NULL
1009,70,q1,comment1,santé,1,1,1,0,TCS,0,NULL,NULL
1010,70,q1010,comment1010,santé,1,1,1,0,QCM,1,1,1
1011,70,q1011,comment1011,santé,1,1,1,0,QCU,1,2,1
1012,70,q1012,comment1012,santé,1,1,1,0,QCM,1,3,2
1013,70,q1013,comment1013,santé,1,1,1,0,QCM,1,4,2
1014,70,q1014,comment1014,santé,1,1,1,0,QCU,1,5,2
1015,70,q1015,comment1015,santé,1,1,1,0,QCM,1,6,3
1016,70,q1016,comment1016,santé,1,1,1,0,QCM,1,7,3
1017,70,q1017,comment1017,santé,1,1,1,0,QCM,1,8,3
1018,70,q1018,comment1018,santé,1,1,1,0,QCU,1,9,4
1019,70,q1019,comment1019,santé,1,1,1,0,QCU,1,10,4
1020,70,q1020,comment1020,santé,1,1,1,0,QCU,1,11,4
1021,71,q13,comment13,santé,1,1,1,0,QCM,0,NULL,NULL
1022,71,q14,comment14,santé,1,1,1,0,QCM,0,NULL,NULL
1023,71,q15,comment15,santé,1,1,1,0,QCU,0,NULL,NULL
1024,71,q0,comment0,santé,1,1,1,0,TCS,0,NULL,NULL
1025,71,q1025,comment1025,santé,1,1,1,0,QCM,1,1,1
1026,71,q1026,comment1026,santé,1,1,1,0,QCU,1,2,1
1027,71,q1027,comment1027,santé,1,1,1,0,QCM,1,3,2
1028,71,q1028,comment1028,santé,1,1,1,0,QCM,1,4,2
1029,71,q1029,comment1029,santé,1,1,1,0,QCU,1,5,2
1030,71,q1030,comment1030,santé,1,1,1,0,QCM,1,6,3
1031,71,q1031,comment1031,santé,1,1,1,0,QCM,1,7,3
1032,71,q1032,comment1032,santé,1,1,1,0,QCM,1,8,3
1033,71,q1033,comment1033,santé,1,1,1,0,QCU,1,9,4
1034,71,q1034,comment1034,santé,1,1,1,0,QCU,1,10,4
1035,71,q1035,comment1035,santé,1,1,1,0,QCU,1,11,4
1036,72,q12,comment12,santé,1,1,1,0,QCM,0,NULL,NULL
1037,72,q13,comment13,santé,1,1,1,0,QCM,0,NULL,NULL
1038,72,q14,comment14,santé,1,1,1,0,QCU,0,NULL,NULL
1039,72,q15,comment15,santé,1,1,1,0,TCS,0,NULL,NULL
1040,72,q1040,comment1040,santé,1,1,1,0,QCM,1,1,1
1041,72,q1041,comment1041,santé,1,1,1,0,QCU,1,2,1
1042,72,q1042,comment1042,santé,1,1,1,0,QCM,1,3,2
1043,72,q1043,comment1043,santé,1,1,1,0,QCM,1,4,2
1044,72,q1044,comment1044,santé,1,1,1,0,QCU,1,5,2
1045,72,q1045,comment1045,santé,1,1,1,0,QCM,1,6,3
1046,72,q1046,comment1046,santé,1,1,1,0,QCM,1,7,3
1047,72,q1047,comment1047,santé,1,1,1,0,QCM,1,8,3
1048,72,q1048,comment1048,santé,1,1,1,0,QCU,1,9,4
1049,72,q1049,comment1049,santé,1,1,1,0,QCU,1,10,4
1050,72,q1050,comment1050,santé,1,1,1,0,QCU,1,11,4
1051,73,q11,comment11,santé,1,1,1,0,QCM,0,NULL,NULL
1052,73,q12,comment12,santé,1,1,1,0,QCM,0,NULL,NULL
1053,73,q13,comment13,santé,1,1,1,0,QCU,0,NULL,NULL
1054,73,q14,comment14,santé,1,1,1,0,TCS,0,NULL,NULL
1055,73,q1055,comment1055,santé,1,1,1,0,QCM,1,1,1
1056,73,q1056,comment1056,santé,1,1,1,0,QCU,1,2,1
1057,73,q1057,comment1057,santé,1,1,1,0,QCM,1,3,2
1058,73,q1058,comment1058,santé,1,1,1,0,QCM,1,4,2
1059,73,q1059,comment1059,santé,1,1,1,0,QCU,1,5,2
1060,73,q1060,comment1060,santé,1,1,1,0,QCM,1,6,3
1061,73,q1061,comment1061,santé,1,1,1,0,QCM,1,7,3
1062,73,q1062,comment1062,santé,1,1,1,0,QCM,1,8,3
1063,73,q1063,comment1063,santé,1,1,1,0,QCU,1,9,4
1064,73,q1064,comment1064,santé,1,1,1,0,QCU,1,10,4
1065,73,q1065,comment1065,santé,1,1,1,0,QCU,1,11,4
1066,74,q10,comment10,santé,1,1,1,0,QCM,0,NULL,NULL
1067,74,q11,comment11,santé,1,1,1,0,QCM,0,NULL,NULL
1068,74,q12,comment12,santé,1,1,1,0,QCU,0,NULL,NULL
1069,74,q13,comment13,santé,1,1,1,0,TCS,0,NULL,NULL
1070,74,q1070,comment1070,santé,1,1,1,0,QCM,1,1,1
1071,74,q1071,comment1071,santé,1,1,1,0,QCU,1,2,1
1072,74,q1072,comment1072,santé,1,1,1,0,QCM,1,3,2
1073,74,q1073,comment1073,santé,1,1,1,0,QCM,1,4,2
1074,74,q1074,comment1074,santé,1,1,1,0,QCU,1,5,2
1075,74,q1075,comment1075,santé,1,1,1,0,QCM,1,6,3
1076,74,q1076,comment1076,santé,1,1,1,0,QCM,1,7,3
1077,74,q1077,comment1077,santé,1,1,1,0,QCM,1,8,3
1078,74,q1078,comment1078,santé,1,1,1,0,QCU,1,9,4
1079,74,q1079,comment1079,santé,1,1,1,0,QCU,1,10,4
1080,74,q1080,comment1080,santé,1,1,1,0,QCU,1,11,4
1081,75,q9,comment9,santé,1,1,1,0,QCM,0,NULL,NULL
1082,75,q10,comment10,santé,1,1,1,0,QCM,0,NULL,NULL
1083,75,q11,comment11,santé,1,1,1,0,QCU,0,NULL,NULL
1084,75,q12,comment12,santé,1,1,1,0,TCS,0,NULL,NULL
1085,75,q1085,comment1085,santé,1,1,1,0,QCM,1,1,1
1086,75,q1086,comment1086,santé,1,1,1,0,QCU,1,2,1
1087,75,q1087,comment1087,santé,1,1,1,0,QCM,1,3,2
1088,75,q1088,comment1088,santé,1,1,1,0,QCM,1,4,2
1089,75,q1089,comment1089,santé,1,1,1,0,QCU,1,5,2
1090,75,q1090,comment1090,santé,1,1,1,0,QCM,1,6,3
1091,75,q1091,comment1091,santé,1,1,1,0,QCM,1,7,3
1092,75,q1092,comment1092,santé,1,1,1,0,QCM,1,8,3
1093,75,q1093,comment1093,santé,1,1,1,0,QCU,1,9,4
1094,75,q1094,comment1094,santé,1,1,1,0,QCU,1,10,4
1095,75,q1095,comment1095,santé,1,1,1,0,QCU,1,11,4
1096,76,q8,comment8,santé,1,1,1,0,QCM,0,NULL,NULL
1097,76,q9,comment9,santé,1,1,1,0,QCM,0,NULL,NULL
1098,76,q10,comment10,santé,1,1,1,0,QCU,0,NULL,NULL
1099,76,q11,comment11,santé,1,1,1,0,TCS,0,NULL,NULL
1100,76,q1100,comment1100,santé,1,1,1,0,QCM,1,1,1
1101,76,q1101,comment1101,santé,1,1,1,0,QCU,1,2,1
1102,76,q1102,comment1102,santé,1,1,1,0,QCM,1,3,2
1103,76,q1103,comment1103,santé,1,1,1,0,QCM,1,4,2
1104,76,q1104,comment1104,santé,1,1,1,0,QCU,1,5,2
1105,76,q1105,comment1105,santé,1,1,1,0,QCM,1,6,3
1106,76,q1106,comment1106,santé,1,1,1,0,QCM,1,7,3
1107,76,q1107,comment1107,santé,1,1,1,0,QCM,1,8,3
1108,76,q1108,comment1108,santé,1,1,1,0,QCU,1,9,4
1109,76,q1109,comment1109,santé,1,1,1,0,QCU,1,10,4
1110,76,q1110,comment1110,santé,1,1,1,0,QCU,1,11,4
1111,77,q7,comment7,santé,1,1,1,0,QCM,0,NULL,NULL
1112,77,q8,comment8,santé,1,1,1,0,QCM,0,NULL,NULL
1113,77,q9,comment9,santé,1,1,1,0,QCU,0,NULL,NULL
1114,77,q10,comment10,santé,1,1,1,0,TCS,0,NULL,NULL
1115,77,q1115,comment1115,santé,1,1,1,0,QCM,1,1,1
1116,77,q1116,comment1116,santé,1,1,1,0,QCU,1,2,1
1117,77,q1117,comment1117,santé,1,1,1,0,QCM,1,3,2
1118,77,q1118,comment1118,santé,1,1,1,0,QCM,1,4,2
1119,77,q1119,comment1119,santé,1,1,1,0,QCU,1,5,2
1120,77,q1120,comment1120,santé,1,1,1,0,QCM,1,6,3
1121,77,q1121,comment1121,santé,1,1,1,0,QCM,1,7,3
1122,77,q1122,comment1122,santé,1,1,1,0,QCM,1,8,3
1123,77,q1123,comment1123,santé,1,1,1,0,QCU,1,9,4
1124,77,q1124,comment1124,santé,1,1,1,0,QCU,1,10,4
1125,77,q1125,comment1125,santé,1,1,1,0,QCU,1,11,4
1126,78,q6,comment6,santé,1,1,1,0,QCM,0,NULL,NULL
1127,78,q7,comment7,santé,1,1,1,0,QCM,0,NULL,NULL
1128,78,q8,comment8,santé,1,1,1,0,QCU,0,NULL,NULL
1129,78,q9,comment9,santé,1,1,1,0,TCS,0,NULL,NULL
1130,78,q1130,comment1130,santé,1,1,1,0,QCM,1,1,1
1131,78,q1131,comment1131,santé,1,1,1,0,QCU,1,2,1
1132,78,q1132,comment1132,santé,1,1,1,0,QCM,1,3,2
1133,78,q1133,comment1133,santé,1,1,1,0,QCM,1,4,2
1134,78,q1134,comment1134,santé,1,1,1,0,QCU,1,5,2
1135,78,q1135,comment1135,santé,1,1,1,0,QCM,1,6,3
1136,78,q1136,comment1136,santé,1,1,1,0,QCM,1,7,3
1137,78,q1137,comment1137,santé,1,1,1,0,QCM,1,8,3
1138,78,q1138,comment1138,santé,1,1,1,0,QCU,1,9,4
1139,78,q1139,comment1139,santé,1,1,1,0,QCU,1,10,4
1140,78,q1140,comment1140,santé,1,1,1,0,QCU,1,11,4
1141,79,q5,comment5,santé,1,1,1,0,QCM,0,NULL,NULL
1142,79,q6,comment6,santé,1,1,1,0,QCM,0,NULL,NULL
1143,79,q7,comment7,santé,1,1,1,0,QCU,0,NULL,NULL
1144,79,q8,comment8,santé,1,1,1,0,TCS,0,NULL,NULL
1145,79,q1145,comment1145,santé,1,1,1,0,QCM,1,1,1
1146,79,q1146,comment1146,santé,1,1,1,0,QCU,1,2,1
1147,79,q1147,comment1147,santé,1,1,1,0,QCM,1,3,2
1148,79,q1148,comment1148,santé,1,1,1,0,QCM,1,4,2
1149,79,q1149,comment1149,santé,1,1,1,0,QCU,1,5,2
1150,79,q1150,comment1150,santé,1,1,1,0,QCM,1,6,3
1151,79,q1151,comment1151,santé,1,1,1,0,QCM,1,7,3
1152,79,q1152,comment1152,santé,1,1,1,0,QCM,1,8,3
1153,79,q1153,comment1153,santé,1,1,1,0,QCU,1,9,4
1154,79,q1154,comment1154,santé,1,1,1,0,QCU,1,10,4
1155,79,q1155,comment1155,santé,1,1,1,0,QCU,1,11,4
1156,80,q4,comment4,santé,1,1,1,0,QCM,0,NULL,NULL
1157,80,q5,comment5,santé,1,1,1,0,QCM,0,NULL,NULL
1158,80,q6,comment6,santé,1,1,1,0,QCU,0,NULL,NULL
1159,80,q7,comment7,santé,1,1,1,0,TCS,0,NULL,NULL
1160,80,q1160,comment1160,santé,1,1,1,0,QCM,1,1,1
1161,80,q1161,comment1161,santé,1,1,1,0,QCU,1,2,1
1162,80,q1162,comment1162,santé,1,1,1,0,QCM,1,3,2
1163,80,q1163,comment1163,santé,1,1,1,0,QCM,1,4,2
1164,80,q1164,comment1164,santé,1,1,1,0,QCU,1,5,2
1165,80,q1165,comment1165,santé,1,1,1,0,QCM,1,6,3
1166,80,q1166,comment1166,santé,1,1,1,0,QCM,1,7,3
1167,80,q1167,comment1167,santé,1,1,1,0,QCM,1,8,3
1168,80,q1168,comment1168,santé,1,1,1,0,QCU,1,9,4
1169,80,q1169,comment1169,santé,1,1,1,0,QCU,1,10,4
1170,80,q1170,comment1170,santé,1,1,1,0,QCU,1,11,4
1171,81,q3,comment3,santé,1,1,1,0,QCM,0,NULL,NULL
1172,81,q4,comment4,santé,1,1,1,0,QCM,0,NULL,NULL
1173,81,q5,comment5,santé,1,1,1,0,QCU,0,NULL,NULL
1174,81,q6,comment6,santé,1,1,1,0,TCS,0,NULL,NULL
1175,81,q1175,comment1175,santé,1,1,1,0,QCM,1,1,1
1176,81,q1176,comment1176,santé,1,1,1,0,QCU,1,2,1
1177,81,q1177,comment1177,santé,1,1,1,0,QCM,1,3,2
1178,81,q1178,comment1178,santé,1,1,1,0,QCM,1,4,2
1179,81,q1179,comment1179,santé,1,1,1,0,QCU,1,5,2
1180,81,q1180,comment1180,santé,1,1,1,0,QCM,1,6,3
1181,81,q1181,comment1181,santé,1,1,1,0,QCM,1,7,3
1182,81,q1182,comment1182,santé,1,1,1,0,QCM,1,8,3
1183,81,q1183,comment1183,santé,1,1,1,0,QCU,1,9,4
1184,81,q1184,comment1184,santé,1,1,1,0,QCU,1,10,4
1185,81,q1185,comment1185,santé,1,1,1,0,QCU,1,11,4
1186,82,q2,comment2,santé,1,1,1,0,QCM,0,NULL,NULL
1187,82,q3,comment3,santé,1,1,1,0,QCM,0,NULL,NULL
1188,82,q4,comment4,santé,1,1,1,0,QCU,0,NULL,NULL
1189,82,q5,comment5,santé,1,1,1,0,TCS,0,NULL,NULL
1190,82,q1190,comment1190,santé,1,1,1,0,QCM,1,1,1
1191,82,q1191,comment1191,santé,1,1,1,0,QCU,1,2,1
1192,82,q1192,comment1192,santé,1,1,1,0,QCM,1,3,2
1193,82,q1193,comment1193,santé,1,1,1,0,QCM,1,4,2
1194,82,q1194,comment1194,santé,1,1,1,0,QCU,1,5,2
1195,82,q1195,comment1195,santé,1,1,1,0,QCM,1,6,3
1196,82,q1196,comment1196,santé,1,1,1,0,QCM,1,7,3
1197,82,q1197,comment1197,santé,1,1,1,0,QCM,1,8,3
1198,82,q1198,comment1198,santé,1,1,1,0,QCU,1,9,4
1199,82,q1199,comment1199,santé,1,1,1,0,QCU,1,10,4
1200,82,q1200,comment1200,santé,1,1,1,0,QCU,1,11,4
1201,83,q1,comment1,santé,1,1,1,0,QCM,0,NULL,NULL
1202,83,q2,comment2,santé,1,1,1,0,QCM,0,NULL,NULL
1203,83,q3,comment3,santé,1,1,1,0,QCU,0,NULL,NULL
1204,83,q4,comment4,santé,1,1,1,0,TCS,0,NULL,NULL
1205,83,q1205,comment1205,santé,1,1,1,0,QCM,1,1,1
1206,83,q1206,comment1206,santé,1,1,1,0,QCU,1,2,1
1207,83,q1207,comment1207,santé,1,1,1,0,QCM,1,3,2
1208,83,q1208,comment1208,santé,1,1,1,0,QCM,1,4,2
1209,83,q1209,comment1209,santé,1,1,1,0,QCU,1,5,2
1210,83,q1210,comment1210,santé,1,1,1,0,QCM,1,6,3
1211,83,q1211,comment1211,santé,1,1,1,0,QCM,1,7,3
1212,83,q1212,comment1212,santé,1,1,1,0,QCM,1,8,3
1213,83,q1213,comment1213,santé,1,1,1,0,QCU,1,9,4
1214,83,q1214,comment1214,santé,1,1,1,0,QCU,1,10,4
1215,83,q1215,comment1215,santé,1,1,1,0,QCU,1,11,4
1216,84,q0,comment0,santé,1,1,1,0,QCM,0,NULL,NULL
1217,84,q1,comment1,santé,1,1,1,0,QCM,0,NULL,NULL
1218,84,q2,comment2,santé,1,1,1,0,QCU,0,NULL,NULL
1219,84,q3,comment3,santé,1,1,1,0,TCS,0,NULL,NULL
1220,84,q1220,comment1220,santé,1,1,1,0,QCM,1,1,1
1221,84,q1221,comment1221,santé,1,1,1,0,QCU,1,2,1
1222,84,q1222,comment1222,santé,1,1,1,0,QCM,1,3,2
1223,84,q1223,comment1223,santé,1,1,1,0,QCM,1,4,2
1224,84,q1224,comment1224,santé,1,1,1,0,QCU,1,5,2
1225,84,q1225,comment1225,santé,1,1,1,0,QCM,1,6,3
1226,84,q1226,comment1226,santé,1,1,1,0,QCM,1,7,3
1227,84,q1227,comment1227,santé,1,1,1,0,QCM,1,8,3
1228,84,q1228,comment1228,santé,1,1,1,0,QCU,1,9,4
1229,84,q1229,comment1229,santé,1,1,1,0,QCU,1,10,4
1230,84,q1230,comment1230,santé,1,1,1,0,QCU,1,11,4
1231,85,q15,comment15,santé,1,1,1,0,QCM,0,NULL,NULL
1232,85,q0,comment0,santé,1,1,1,0,QCM,0,NULL,NULL
1233,85,q1,comment1,santé,1,1,1,0,QCU,0,NULL,NULL
1234,85,q2,comment2,santé,1,1,1,0,TCS,0,NULL,NULL
1235,85,q1235,comment1235,santé,1,1,1,0,QCM,1,1,1
1236,85,q1236,comment1236,santé,1,1,1,0,QCU,1,2,1
1237,85,q1237,comment1237,santé,1,1,1,0,QCM,1,3,2
1238,85,q1238,comment1238,santé,1,1,1,0,QCM,1,4,2
1239,85,q1239,comment1239,santé,1,1,1,0,QCU,1,5,2
1240,85,q1240,comment1240,santé,1,1,1,0,QCM,1,6,3
1241,85,q1241,comment1241,santé,1,1,1,0,QCM,1,7,3
1242,85,q1242,comment1242,santé,1,1,1,0,QCM,1,8,3
1243,85,q1243,comment1243,santé,1,1,1,0,QCU,1,9,4
1244,85,q1244,comment1244,santé,1,1,1,0,QCU,1,10,4
1245,85,q1245,comment1245,santé,1,1,1,0,QCU,1,11,4
1246,86,q14,comment14,santé,1,1,1,0,QCM,0,NULL,NULL
1247,86,q15,comment15,santé,1,1,1,0,QCM,0,NULL,NULL
1248,86,q0,comment0,santé,1,1,1,0,QCU,0,NULL,NULL
1249,86,q1,comment1,santé,1,1,1,0,TCS,0,NULL,NULL
1250,86,q1250,comment1250,santé,1,1,1,0,QCM,1,1,1
1251,86,q1251,comment1251,santé,1,1,1,0,QCU,1,2,1
1252,86,q1252,comment1252,santé,1,1,1,0,QCM,1,3,2
1253,86,q1253,comment1253,santé,1,1,1,0,QCM,1,4,2
1254,86,q1254,comment1254,santé,1,1,1,0,QCU,1,5,2
1255,86,q1255,comment1255,santé,1,1,1,0,QCM,1,6,3
1256,86,q1256,comment1256,santé,1,1,1,0,QCM,1,7,3
1257,86,q1257,comment1257,santé,1,1,1,0,QCM,1,8,3
1258,86,q1258,comment1258,santé,1,1,1,0,QCU,1,9,4
1259,86,q1259,comment1259,santé,1,1,1,0,QCU,1,10,4
1260,86,q1260,comment1260,santé,1,1,1,0,QCU,1,11,4
1261,87,q13,comment13,santé,1,1,1,0,QCM,0,NULL,NULL
1262,87,q14,comment14,santé,1,1,1,0,QCM,0,NULL,NULL
1263,87,q15,comment15,santé,1,1,1,0,QCU,0,NULL,NULL
1264,87,q0,comment0,santé,1,1,1,0,TCS,0,NULL,NULL
1265,87,q1265,comment1265,santé,1,1,1,0,QCM,1,1,1
1266,87,q1266,comment1266,santé,1,1,1,0,QCU,1,2,1
1267,87,q1267,comment1267,santé,1,1,1,0,QCM,1,3,2
1268,87,q1268,comment1268,santé,1,1,1,0,QCM,1,4,2
1269,87,q1269,comment1269,santé,1,1,1,0,QCU,1,5,2
1270,87,q1270,comment1270,santé,1,1,1,0,QCM,1,6,3
1271,87,q1271,comment1271,santé,1,1,1,0,QCM,1,7,3
1272,87,q1272,comment1272,santé,1,1,1,0,QCM,1,8,3
1273,87,q1273,comment1273,santé,1,1,1,0,QCU,1,9,4
1274,87,q1274,comment1274,santé,1,1,1,0,QCU,1,10,4
1275,87,q1275,comment1275,santé,1,1,1,0,QCU,1,11,4
1276,88,q12,comment12,santé,1,1,1,0,QCM,0,NULL,NULL
1277,88,q13,comment13,santé,1,1,1,0,QCM,0,NULL,NULL
1278,88,q14,comment14,santé,1,1,1,0,QCU,0,NULL,NULL
1279,88,q15,comment15,santé,1,1,1,0,TCS,0,NULL,NULL
1280,88,q1280,comment1280,santé,1,1,1,0,QCM,1,1,1
1281,88,q1281,comment1281,santé,1,1,1,0,QCU,1,2,1
1282,88,q1282,comment1282,santé,1,1,1,0,QCM,1,3,2
1283,88,q1283,comment1283,santé,1,1,1,0,QCM,1,4,2
1284,88,q1284,comment1284,santé,1,1,1,0,QCU,1,5,2
1285,88,q1285,comment1285,santé,1,1,1,0,QCM,1,6,3
1286,88,q1286,comment1286,santé,1,1,1,0,QCM,1,7,3
1287,88,q1287,comment1287,santé,1,1,1,0,QCM,1,8,3
1288,88,q1288,comment1288,santé,1,1,1,0,QCU,1,9,4
1289,88,q1289,comment1289,santé,1,1,1,0,QCU,1,10,4
1290,88,q1290,comment1290,santé,1,1,1,0,QCU,1,11,4
1291,89,q11,comment11,santé,1,1,1,0,QCM,0,NULL,NULL
1292,89,q12,comment12,santé,1,1,1,0,QCM,0,NULL,NULL
1293,89,q13,comment13,santé,1,1,1,0,QCU,0,NULL,NULL
1294,89,q14,comment14,santé,1,1,1,0,TCS,0,NULL,NULL
1295,89,q1295,comment1295,santé,1,1,1,0,QCM,1,1,1
1296,89,q1296,comment1296,santé,1,1,1,0,QCU,1,2,1
1297,89,q1297,comment1297,santé,1,1,1,0,QCM,1,3,2
1298,89,q1298,comment1298,santé,1,1,1,0,QCM,1,4,2
1299,89,q1299,comment1299,santé,1,1,1,0,QCU,1,5,2
1300,89,q1300,comment1300,santé,1,1,1,0,QCM,1,6,3
1301,89,q1301,comment1301,santé,1,1,1,0,QCM,1,7,3
1302,89,q1302,comment1302,santé,1,1,1,0,QCM,1,8,3
1303,89,q1303,comment1303,santé,1,1,1,0,QCU,1,9,4
1304,89,q1304,comment1304,santé,1,1,1,0,QCU,1,10,4
1305,89,q1305,comment1305,santé,1,1,1,0,QCU,1,11,4
1306,90,q10,comment10,santé,1,1,1,0,QCM,0,NULL,NULL
1307,90,q11,comment11,santé,1,1,1,0,QCM,0,NULL,NULL
1308,90,q12,comment12,santé,1,1,1,0,QCU,0,NULL,NULL
1309,90,q13,comment13,santé,1,1,1,0,TCS,0,NULL,NULL
1310,90,q1310,comment1310,santé,1,1,1,0,QCM,1,1,1
1311,90,q1311,comment1311,santé,1,1,1,0,QCU,1,2,1
1312,90,q1312,comment1312,santé,1,1,1,0,QCM,1,3,2
1313,90,q1313,comment1313,santé,1,1,1,0,QCM,1,4,2
1314,90,q1314,comment1314,santé,1,1,1,0,QCU,1,5,2
1315,90,q1315,comment1315,santé,1,1,1,0,QCM,1,6,3
1316,90,q1316,comment1316,santé,1,1,1,0,QCM,1,7,3
1317,90,q1317,comment1317,santé,1,1,1,0,QCM,1,8,3
1318,90,q1318,comment1318,santé,1,1,1,0,QCU,1,9,4
1319,90,q1319,comment1319,santé,1,1,1,0,QCU,1,10,4
1320,90,q1320,comment1320,santé,1,1,1,0,QCU,1,11,4
1321,91,q9,comment9,santé,1,1,1,0,QCM,0,NULL,NULL
1322,91,q10,comment10,santé,1,1,1,0,QCM,0,NULL,NULL
1323,91,q11,comment11,santé,1,1,1,0,QCU,0,NULL,NULL
1324,91,q12,comment12,santé,1,1,1,0,TCS,0,NULL,NULL
1325,91,q1325,comment1325,santé,1,1,1,0,QCM,1,1,1
1326,91,q1326,comment1326,santé,1,1,1,0,QCU,1,2,1
1327,91,q1327,comment1327,santé,1,1,1,0,QCM,1,3,2
1328,91,q1328,comment1328,santé,1,1,1,0,QCM,1,4,2
1329,91,q1329,comment1329,santé,1,1,1,0,QCU,1,5,2
1330,91,q1330,comment1330,santé,1,1,1,0,QCM,1,6,3
1331,91,q1331,comment1331,santé,1,1,1,0,QCM,1,7,3
1332,91,q1332,comment1332,santé,1,1,1,0,QCM,1,8,3
1333,91,q1333,comment1333,santé,1,1,1,0,QCU,1,9,4
1334,91,q1334,comment1334,santé,1,1,1,0,QCU,1,10,4
1335,91,q1335,comment1335,santé,1,1,1,0,QCU,1,11,4
1336,92,q8,comment8,santé,1,1,1,0,QCM,0,NULL,NULL
1337,92,q9,comment9,santé,1,1,1,0,QCM,0,NULL,NULL
1338,92,q10,comment10,santé,1,1,1,0,QCU,0,NULL,NULL
1339,92,q11,comment11,santé,1,1,1,0,TCS,0,NULL,NULL
1340,92,q1340,comment1340,santé,1,1,1,0,QCM,1,1,1
1341,92,q1341,comment1341,santé,1,1,1,0,QCU,1,2,1
1342,92,q1342,comment1342,santé,1,1,1,0,QCM,1,3,2
1343,92,q1343,comment1343,santé,1,1,1,0,QCM,1,4,2
1344,92,q1344,comment1344,santé,1,1,1,0,QCU,1,5,2
1345,92,q1345,comment1345,santé,1,1,1,0,QCM,1,6,3
1346,92,q1346,comment1346,santé,1,1,1,0,QCM,1,7,3
1347,92,q1347,comment1347,santé,1,1,1,0,QCM,1,8,3
1348,92,q1348,comment1348,santé,1,1,1,0,QCU,1,9,4
1349,92,q1349,comment1349,santé,1,1,1,0,QCU,1,10,4
1350,92,q1350,comment1350,santé,1,1,1,0,QCU,1,11,4
1351,93,q7,comment7,santé,1,1,1,0,QCM,0,NULL,NULL
1352,93,q8,comment8,santé,1,1,1,0,QCM,0,NULL,NULL
1353,93,q9,comment9,santé,1,1,1,0,QCU,0,NULL,NULL
1354,93,q10,comment10,santé,1,1,1,0,TCS,0,NULL,NULL
1355,93,q1355,comment1355,santé,1,1,1,0,QCM,1,1,1
1356,93,q1356,comment1356,santé,1,1,1,0,QCU,1,2,1
1357,93,q1357,comment1357,santé,1,1,1,0,QCM,1,3,2
1358,93,q1358,comment1358,santé,1,1,1,0,QCM,1,4,2
1359,93,q1359,comment1359,santé,1,1,1,0,QCU,1,5,2
1360,93,q1360,comment1360,santé,1,1,1,0,QCM,1,6,3
1361,93,q1361,comment1361,santé,1,1,1,0,QCM,1,7,3
1362,93,q1362,comment1362,santé,1,1,1,0,QCM,1,8,3
1363,93,q1363,comment1363,santé,1,1,1,0,QCU,1,9,4
1364,93,q1364,comment1364,santé,1,1,1,0,QCU,1,10,4
1365,93,q1365,comment1365,santé,1,1,1,0,QCU,1,11,4
1366,94,q6,comment6,santé,1,1,1,0,QCM,0,NULL,NULL
1367,94,q7,comment7,santé,1,1,1,0,QCM,0,NULL,NULL
1368,94,q8,comment8,santé,1,1,1,0,QCU,0,NULL,NULL
1369,94,q9,comment9,santé,1,1,1,0,TCS,0,NULL,NULL
1370,94,q1370,comment1370,santé,1,1,1,0,QCM,1,1,1
1371,94,q1371,comment1371,santé,1,1,1,0,QCU,1,2,1
1372,94,q1372,comment1372,santé,1,1,1,0,QCM,1,3,2
1373,94,q1373,comment1373,santé,1,1,1,0,QCM,1,4,2
1374,94,q1374,comment1374,santé,1,1,1,0,QCU,1,5,2
1375,94,q1375,comment1375,santé,1,1,1,0,QCM,1,6,3
1376,94,q1376,comment1376,santé,1,1,1,0,QCM,1,7,3
1377,94,q1377,comment1377,santé,1,1,1,0,QCM,1,8,3
1378,94,q1378,comment1378,santé,1,1,1,0,QCU,1,9,4
1379,94,q1379,comment1379,santé,1,1,1,0,QCU,1,10,4
1380,94,q1380,comment1380,santé,1,1,1,0,QCU,1,11,4
1381,95,q5,comment5,santé,1,1,1,0,QCM,0,NULL,NULL
1382,95,q6,comment6,santé,1,1,1,0,QCM,0,NULL,NULL
1383,95,q7,comment7,santé,1,1,1,0,QCU,0,NULL,NULL
1384,95,q8,comment8,santé,1,1,1,0,TCS,0,NULL,NULL
1385,95,q1385,comment1385,santé,1,1,1,0,QCM,1,1,1
1386,95,q1386,comment1386,santé,1,1,1,0,QCU,1,2,1
1387,95,q1387,comment1387,santé,1,1,1,0,QCM,1,3,2
1388,95,q1388,comment1388,santé,1,1,1,0,QCM,1,4,2
1389,95,q1389,comment1389,santé,1,1,1,0,QCU,1,5,2
1390,95,q1390,comment1390,santé,1,1,1,0,QCM,1,6,3
1391,95,q1391,comment1391,santé,1,1,1,0,QCM,1,7,3
1392,95,q1392,comment1392,santé,1,1,1,0,QCM,1,8,3
1393,95,q1393,comment1393,santé,1,1,1,0,QCU,1,9,4
1394,95,q1394,comment1394,santé,1,1,1,0,QCU,1,10,4
1395,95,q1395,comment1395,santé,1,1,1,0,QCU,1,11,4
1396,96,q4,comment4,santé,1,1,1,0,QCM,0,NULL,NULL
1397,96,q5,comment5,santé,1,1,1,0,QCM,0,NULL,NULL
1398,96,q6,comment6,santé,1,1,1,0,QCU,0,NULL,NULL
1399,96,q7,comment7,santé,1,1,1,0,TCS,0,NULL,NULL
1400,96,q1400,comment1400,santé,1,1,1,0,QCM,1,1,1
1401,96,q1401,comment1401,santé,1,1,1,0,QCU,1,2,1
1402,96,q1402,comment1402,santé,1,1,1,0,QCM,1,3,2
1403,96,q1403,comment1403,santé,1,1,1,0,QCM,1,4,2
1404,96,q1404,comment1404,santé,1,1,1,0,QCU,1,5,2
1405,96,q1405,comment1405,santé,1,1,1,0,QCM,1,6,3
1406,96,q1406,comment1406,santé,1,1,1,0,QCM,1,7,3
1407,96,q1407,comment1407,santé,1,1,1,0,QCM,1,8,3
1408,96,q1408,comment1408,santé,1,1,1,0,QCU,1,9,4
1409,96,q1409,comment1409,santé,1,1,1,0,QCU,1,10,4
1410,96,q1410,comment1410,santé,1,1,1,0,QCU,1,11,4
1411,97,q3,comment3,santé,1,1,1,0,QCM,0,NULL,NULL
1412,97,q4,comment4,santé,1,1,1,0,QCM,0,NULL,NULL
1413,97,q5,comment5,santé,1,1,1,0,QCU,0,NULL,NULL
1414,97,q6,comment6,santé,1,1,1,0,TCS,0,NULL,NULL
1415,97,q1415,comment1415,santé,1,1,1,0,QCM,1,1,1
1416,97,q1416,comment1416,santé,1,1,1,0,QCU,1,2,1
1417,97,q1417,comment1417,santé,1,1,1,0,QCM,1,3,2
1418,97,q1418,comment1418,santé,1,1,1,0,QCM,1,4,2
1419,97,q1419,comment1419,santé,1,1,1,0,QCU,1,5,2
1420,97,q1420,comment1420,santé,1,1,1,0,QCM,1,6,3
1421,97,q1421,comment1421,santé,1,1,1,0,QCM,1,7,3
1422,97,q1422,comment1422,santé,1,1,1,0,QCM,1,8,3
1423,97,q1423,comment1423,santé,1,1,1,0,QCU,1,9,4
1424,97,q1424,comment1424,santé,1,1,1,0,QCU,1,10,4
1425,97,q1425,comment1425,santé,1,1,1,0,QCU,1,11,4
1426,98,q2,comment2,santé,1,1,1,0,QCM,0,NULL,NULL
1427,98,q3,comment3,santé,1,1,1,0,QCM,0,NULL,NULL
1428,98,q4,comment4,santé,1,1,1,0,QCU,0,NULL,NULL
1429,98,q5,comment5,santé,1,1,1,0,TCS,0,NULL,NULL
1430,98,q1430,comment1430,santé,1,1,1,0,QCM,1,1,1
1431,98,q1431,comment1431,santé,1,1,1,0,QCU,1,2,1
1432,98,q1432,comment1432,santé,1,1,1,0,QCM,1,3,2
1433,98,q1433,comment1433,santé,1,1,1,0,QCM,1,4,2
1434,98,q1434,comment1434,santé,1,1,1,0,QCU,1,5,2
1435,98,q1435,comment1435,santé,1,1,1,0,QCM,1,6,3
1436,98,q1436,comment1436,santé,1,1,1,0,QCM,1,7,3
1437,98,q1437,comment1437,santé,1,1,1,0,QCM,1,8,3
1438,98,q1438,comment1438,santé,1,1,1,0,QCU,1,9,4
1439,98,q1439,comment1439,santé,1,1,1,0,QCU,1,10,4
1440,98,q1440,comment1440,santé,1,1,1,0,QCU,1,11,4
1441,99,q1,comment1,santé,1,1,1,0,QCM,0,NULL,NULL
1442,99,q2,comment2,santé,1,1,1,0,QCM,0,NULL,NULL
1443,99,q3,comment3,santé,1,1,1,0,QCU,0,NULL,NULL
1444,99,q4,comment4,santé,1,1,1,0,TCS,0,NULL,NULL
1445,99,q1445,comment1445,santé,1,1,1,0,QCM,1,1,1
1446,99,q1446,comment1446,santé,1,1,1,0,QCU,1,2,1
1447,99,q1447,comment1447,santé,1,1,1,0,QCM,1,3,2
1448,99,q1448,comment1448,santé,1,1,1,0,QCM,1,4,2
1449,99,q1449,comment1449,santé,1,1,1,0,QCU,1,5,2
1450,99,q1450,comment1450,santé,1,1,1,0,QCM,1,6,3
1451,99,q1451,comment1451,santé,1,1,1,0,QCM,1,7,3
1452,99,q1452,comment1452,santé,1,1,1,0,QCM,1,8,3
1453,99,q1453,comment1453,santé,1,1,1,0,QCU,1,9,4
1454,99,q1454,comment1454,santé,1,1,1,0,QCU,1,10,4
1455,99,q1455,comment1455,santé,1,1,1,0,QCU,1,11,4
1456,100,q0,comment0,santé,1,1,1,0,QCM,0,NULL,NULL
1457,100,q1,comment1,santé,1,1,1,0,QCM,0,NULL,NULL
1458,100,q2,comment2,santé,1,1,1,0,QCU,0,NULL,NULL
1459,100,q3,comment3,santé,1,1,1,0,TCS,0,NULL,NULL
1460,100,q1460,comment1460,santé,1,1,1,0,QCM,1,1,1
1461,100,q1461,comment1461,santé,1,1,1,0,QCU,1,2,1
1462,100,q1462,comment1462,santé,1,1,1,0,QCM,1,3,2
1463,100,q1463,comment1463,santé,1,1,1,0,QCM,1,4,2
1464,100,q1464,comment1464,santé,1,1,1,0,QCU,1,5,2
1465,100,q1465,comment1465,santé,1,1,1,0,QCM,1,6,3
1466,100,q1466,comment1466,santé,1,1,1,0,QCM,1,7,3
1467,100,q1467,comment1467,santé,1,1,1,0,QCM,1,8,3
1468,100,q1468,comment1468,santé,1,1,1,0,QCU,1,9,4
1469,100,q1469,comment1469,santé,1,1,1,0,QCU,1,10,4
1470,100,q1470,comment1470,santé,1,1,1,0,QCU,1,11,4
1471,101,q15,comment15,santé,1,1,1,0,QCM,0,NULL,NULL
1472,101,q0,comment0,santé,1,1,1,0,QCM,0,NULL,NULL
1473,101,q1,comment1,santé,1,1,1,0,QCU,0,NULL,NULL
1474,101,q2,comment2,santé,1,1,1,0,TCS,0,NULL,NULL
1475,101,q1475,comment1475,santé,1,1,1,0,QCM,1,1,1
1476,101,q1476,comment1476,santé,1,1,1,0,QCU,1,2,1
1477,101,q1477,comment1477,santé,1,1,1,0,QCM,1,3,2
1478,101,q1478,comment1478,santé,1,1,1,0,QCM,1,4,2
1479,101,q1479,comment1479,santé,1,1,1,0,QCU,1,5,2
1480,101,q1480,comment1480,santé,1,1,1,0,QCM,1,6,3
1481,101,q1481,comment1481,santé,1,1,1,0,QCM,1,7,3
1482,101,q1482,comment1482,santé,1,1,1,0,QCM,1,8,3
1483,101,q1483,comment1483,santé,1,1,1,0,QCU,1,9,4
1484,101,q1484,comment1484,santé,1,1,1,0,QCU,1,10,4
1485,101,q1485,comment1485,santé,1,1,1,0,QCU,1,11,4
1486,102,q14,comment14,santé,1,1,1,0,QCM,0,NULL,NULL
1487,102,q15,comment15,santé,1,1,1,0,QCM,0,NULL,NULL
1488,102,q0,comment0,santé,1,1,1,0,QCU,0,NULL,NULL
1489,102,q1,comment1,santé,1,1,1,0,TCS,0,NULL,NULL
1490,102,q1490,comment1490,santé,1,1,1,0,QCM,1,1,1
1491,102,q1491,comment1491,santé,1,1,1,0,QCU,1,2,1
1492,102,q1492,comment1492,santé,1,1,1,0,QCM,1,3,2
1493,102,q1493,comment1493,santé,1,1,1,0,QCM,1,4,2
1494,102,q1494,comment1494,santé,1,1,1,0,QCU,1,5,2
1495,102,q1495,comment1495,santé,1,1,1,0,QCM,1,6,3
1496,102,q1496,comment1496,santé,1,1,1,0,QCM,1,7,3
1497,102,q1497,comment1497,santé,1,1,1,0,QCM,1,8,3
1498,102,q1498,comment1498,santé,1,1,1,0,QCU,1,9,4
1499,102,q1499,comment1499,santé,1,1,1,0,QCU,1,10,4
1500,102,q1500,comment1500,santé,1,1,1,0,QCU,1,11,4
